HOME_TEAM_ID,VISITOR_TEAM_ID,SCORE_home,FG_PCT_home,FT_PCT_home,FG3_PCT_home,AST_home,REB_home,SCORE_away,FG_PCT_away,FT_PCT_away,FG3_PCT_away,AST_away,REB_away,HOME_TEAM_WINS
48,50,104,0.398,0.76,0.333,23,53,113,0.422,0.875,0.357,21,46,0
59,54,108,0.412,0.813,0.324,28,52,119,0.489,1,0.389,23,47,0
44,49,122,0.484,0.933,0.4,33,55,109,0.413,0.696,0.386,27,39,1
43,61,115,0.551,0.75,0.407,32,39,127,0.471,0.76,0.387,28,50,0
62,58,134,0.558,0.71,0.39,21,44,125,0.5,0.857,0.394,27,33,1
57,64,127,0.516,0.909,0.367,21,43,118,0.47,0.963,0.412,26,35,1
53,50,118,0.465,0.88,0.4,31,49,110,0.456,1,0.333,24,37,1
37,46,112,0.478,0.895,0.29,28,47,106,0.488,0.824,0.375,22,36,1
38,65,114,0.467,0.8,0.188,23,47,103,0.422,0.958,0.294,21,42,1
48,39,117,0.477,0.889,0.314,28,42,105,0.443,0.931,0.32,25,40,1
45,42,100,0.477,0.632,0.2,29,39,113,0.455,0.786,0.306,20,47,0
63,52,118,0.447,0.586,0.346,23,53,114,0.422,0.757,0.4,23,54,1
40,66,120,0.5,0.76,0.385,31,40,142,0.598,0.8,0.468,41,38,0
59,62,104,0.4,0.698,0.207,15,54,102,0.402,0.652,0.325,20,57,1
56,61,112,0.5,0.765,0.306,27,40,117,0.447,0.905,0.438,19,48,0
47,64,122,0.527,0.706,0.452,25,37,109,0.459,0.667,0.333,21,47,1
55,51,100,0.323,0.867,0.389,19,50,129,0.56,0.529,0.45,29,45,0
43,44,102,0.417,0.781,0.226,19,49,113,0.477,0.75,0.333,26,36,0
66,38,101,0.424,0.75,0.242,18,46,115,0.495,0.786,0.324,30,47,0
65,41,108,0.512,0.765,0.355,25,32,114,0.526,0.886,0.2,19,33,0
48,56,90,0.398,0.769,0.303,27,38,111,0.455,1,0.297,26,55,0
49,37,124,0.5,0.783,0.343,24,50,115,0.5,0.818,0.289,26,44,1
45,47,139,0.51,0.947,0.425,25,50,130,0.465,0.692,0.383,25,48,1
50,60,132,0.523,0.769,0.423,34,48,102,0.414,0.667,0.326,26,42,1
40,53,102,0.441,0.722,0.226,23,41,108,0.474,0.846,0.378,25,45,0
42,52,77,0.314,0.68,0.136,11,37,107,0.429,0.788,0.265,20,55,0
59,61,104,0.452,0.95,0.281,24,36,119,0.482,0.929,0.367,12,47,0
62,57,123,0.519,0.815,0.37,31,50,85,0.326,0.818,0.25,19,36,1
58,43,100,0.447,0.667,0.353,24,38,106,0.488,0.895,0.257,26,51,0
46,64,115,0.5,1,0.5,21,41,109,0.471,0.85,0.37,26,41,1
66,51,121,0.489,0.818,0.317,26,41,132,0.561,0.759,0.514,33,38,0
54,39,124,0.538,0.667,0.5,35,38,127,0.5,0.889,0.281,25,40,0
53,56,99,0.38,0.88,0.179,17,53,102,0.38,0.826,0.351,24,52,0
63,40,132,0.475,0.833,0.364,30,52,111,0.466,0.667,0.324,24,45,1
60,49,115,0.5,0.714,0.41,26,36,142,0.53,0.8,0.5,35,53,0
44,46,112,0.478,0.846,0.382,33,51,97,0.355,0.826,0.308,23,47,1
65,37,113,0.462,0.652,0.364,27,47,110,0.452,0.682,0.289,28,48,1
55,41,121,0.488,0.794,0.4,29,38,106,0.448,0.769,0.333,22,48,1
48,45,123,0.538,0.786,0.452,26,50,106,0.443,0.682,0.302,22,33,1
50,57,124,0.413,0.795,0.302,21,67,81,0.277,0.737,0.25,11,42,1
42,62,111,0.443,0.8,0.37,19,43,103,0.434,0.792,0.387,22,45,1
59,47,117,0.548,0.533,0.346,28,47,110,0.473,0.696,0.308,19,43,1
43,44,131,0.548,0.707,0.313,39,41,124,0.511,0.739,0.425,29,41,1
58,52,115,0.488,0.722,0.344,23,40,131,0.511,0.826,0.429,19,47,0
38,51,126,0.482,0.763,0.472,25,37,120,0.506,0.9,0.444,24,45,1
49,56,132,0.54,0.793,0.469,31,48,122,0.538,0.727,0.452,33,27,1
64,54,133,0.523,0.813,0.405,33,36,123,0.518,0.862,0.323,28,42,1
45,63,123,0.524,0.667,0.382,23,45,112,0.454,0.704,0.192,27,40,1
60,62,103,0.424,0.895,0.2,20,47,116,0.449,0.765,0.442,27,48,0
39,61,104,0.459,0.652,0.306,24,58,96,0.394,0.615,0.25,17,45,1
43,40,138,0.54,0.791,0.303,32,47,130,0.475,0.69,0.424,30,49,1
46,52,93,0.375,0.727,0.324,17,43,116,0.472,0.633,0.448,19,57,0
42,58,114,0.476,0.741,0.389,22,39,113,0.489,0.667,0.36,24,45,1
66,59,123,0.462,0.793,0.381,29,50,117,0.459,0.8,0.297,28,51,1
48,55,99,0.486,0.842,0.464,20,38,82,0.341,0.826,0.171,13,41,1
63,53,124,0.5,0.667,0.412,25,55,96,0.43,0.688,0.314,25,41,1
50,57,135,0.565,0.828,0.405,36,42,121,0.471,0.833,0.421,24,41,1
47,44,124,0.494,0.857,0.439,25,47,116,0.5,0.474,0.441,22,41,1
65,54,111,0.447,0.667,0.5,28,52,106,0.39,0.643,0.25,24,55,1
55,39,125,0.547,0.906,0.424,23,30,119,0.537,0.875,0.357,30,41,1
64,37,114,0.541,0.889,0.483,37,41,117,0.418,0.824,0.361,18,39,0
61,53,97,0.398,0.647,0.324,22,54,103,0.379,0.952,0.297,24,55,0
41,49,112,0.5,0.727,0.385,25,40,118,0.489,0.667,0.323,20,50,0
40,62,124,0.515,0.765,0.306,29,52,90,0.348,0.654,0.268,15,52,1
60,50,101,0.43,0.857,0.257,19,39,138,0.538,0.783,0.468,35,41,0
43,45,116,0.453,0.806,0.394,27,41,101,0.458,0.682,0.278,25,44,1
56,52,115,0.447,0.815,0.5,28,33,114,0.465,0.7,0.448,23,49,1
37,41,130,0.524,0.857,0.45,26,33,124,0.591,0.857,0.538,30,32,1
38,63,120,0.517,0.8,0.432,33,51,107,0.424,0.769,0.325,24,44,1
51,48,107,0.47,0.773,0.387,24,30,113,0.519,0.821,0.333,27,35,0
61,65,106,0.434,0.75,0.269,12,41,108,0.452,0.75,0.297,25,42,0
42,44,122,0.529,0.75,0.459,29,32,113,0.543,0.769,0.5,26,37,1
59,58,112,0.495,0.5,0.375,28,40,115,0.459,0.844,0.313,26,49,0
46,47,132,0.548,0.867,0.63,32,46,111,0.488,0.773,0.343,26,36,1
39,66,98,0.468,0.667,0.323,21,37,119,0.506,0.727,0.447,32,45,0
53,54,114,0.454,0.8,0.313,22,52,122,0.436,0.8,0.324,23,54,0
55,52,123,0.52,0.848,0.472,24,43,108,0.429,0.688,0.286,20,40,1
45,62,127,0.5,0.667,0.412,27,34,132,0.549,0.708,0.357,32,49,0
49,48,120,0.451,0.889,0.389,22,52,119,0.454,0.833,0.477,28,48,1
40,58,125,0.591,0.833,0.379,30,50,95,0.393,0.68,0.229,20,38,1
43,60,107,0.444,0.882,0.261,25,47,119,0.506,0.714,0.552,24,50,0
56,57,120,0.5,0.839,0.389,32,46,90,0.385,0.76,0.355,22,35,1
64,65,116,0.5,0.808,0.5,29,42,113,0.478,0.826,0.296,23,43,1
38,37,107,0.47,0.947,0.314,27,47,98,0.434,0.792,0.226,15,37,1
61,51,109,0.456,0.87,0.304,27,48,108,0.5,0.737,0.4,21,37,1
45,46,100,0.396,0.647,0.333,21,45,113,0.438,0.941,0.419,24,55,0
50,44,129,0.528,0.826,0.4,27,42,114,0.456,0.864,0.289,26,40,1
47,42,104,0.451,0.8,0.412,22,37,109,0.5,0.63,0.286,24,45,0
39,50,122,0.527,0.853,0.405,29,38,127,0.547,0.789,0.429,30,31,0
53,54,119,0.469,0.773,0.324,29,39,103,0.486,0.72,0.417,22,39,1
51,61,97,0.384,0.792,0.343,23,45,133,0.515,0.591,0.474,35,47,0
48,41,112,0.494,0.769,0.387,28,39,99,0.488,0.667,0.241,23,38,1
63,59,118,0.539,0.579,0.423,24,55,105,0.414,0.737,0.281,30,38,1
49,66,130,0.44,0.865,0.4,25,62,106,0.387,0.625,0.359,22,40,1
60,58,110,0.465,0.704,0.314,28,38,131,0.563,0.767,0.323,30,46,0
52,55,109,0.447,0.629,0.333,21,47,125,0.487,0.886,0.303,28,43,0
56,62,114,0.512,0.813,0.464,24,36,118,0.468,0.65,0.425,23,41,0
54,38,128,0.522,0.85,0.515,25,49,107,0.429,0.85,0.279,25,40,1
66,65,126,0.506,0.676,0.419,25,46,127,0.455,0.722,0.35,30,54,0
45,46,98,0.38,0.611,0.405,26,37,99,0.442,0.714,0.324,18,59,0
44,42,101,0.429,0.6,0.282,27,44,107,0.5,0.8,0.382,16,45,0
57,43,92,0.374,0.692,0.167,22,42,124,0.512,0.774,0.324,28,55,0
47,40,95,0.417,0.9,0.206,15,38,123,0.511,0.64,0.433,29,51,0
65,38,104,0.448,0.864,0.259,18,41,113,0.477,0.905,0.385,31,37,0
37,61,127,0.578,0.818,0.419,27,45,100,0.4,0.737,0.313,25,42,1
39,64,92,0.386,0.833,0.32,22,49,86,0.432,0.833,0.478,19,42,1
48,59,133,0.566,0.711,0.429,25,32,129,0.556,0.789,0.452,33,46,1
41,63,110,0.419,0.767,0.45,17,41,116,0.44,0.808,0.304,23,61,0
49,51,123,0.526,0.658,0.421,24,43,126,0.478,0.758,0.382,24,40,0
43,58,115,0.463,0.793,0.372,29,45,110,0.427,0.758,0.3,24,45,1
66,61,125,0.553,0.667,0.375,34,52,93,0.44,0.565,0.261,18,36,1
54,60,125,0.485,0.591,0.378,31,51,129,0.495,0.75,0.355,23,54,0
53,45,119,0.506,0.759,0.361,20,54,111,0.468,0.45,0.298,22,41,1
64,59,153,0.546,0.792,0.421,36,39,157,0.543,0.791,0.31,35,50,0
52,48,100,0.4,0.722,0.35,19,45,115,0.47,0.743,0.344,22,44,0
50,55,102,0.419,0.84,0.231,23,41,133,0.512,0.833,0.487,30,42,0
56,40,102,0.439,0.75,0.3,23,37,117,0.437,0.805,0.276,21,53,0
62,42,114,0.541,0.818,0.421,22,44,109,0.477,1,0.436,22,30,1
47,46,102,0.419,0.762,0.258,18,47,105,0.494,0.684,0.385,25,47,0
65,39,106,0.407,0.893,0.324,23,49,103,0.442,0.676,0.343,20,43,1
51,38,106,0.415,0.75,0.241,25,38,129,0.541,0.741,0.405,28,48,0
41,37,112,0.488,0.815,0.296,16,43,108,0.423,0.667,0.286,20,45,1
50,63,119,0.462,0.68,0.381,26,42,114,0.388,0.725,0.29,25,59,1
60,56,104,0.473,0.909,0.194,22,42,124,0.535,0.905,0.382,32,43,0
57,44,95,0.392,0.828,0.257,16,31,132,0.511,0.844,0.366,36,46,0
58,43,110,0.5,0.833,0.31,25,34,128,0.558,0.85,0.429,30,39,0
66,48,107,0.4,0.7,0.238,27,58,111,0.402,0.652,0.292,31,56,0
51,64,103,0.404,0.708,0.368,19,42,117,0.554,0.813,0.5,26,38,0
40,42,118,0.5,0.667,0.429,22,48,125,0.537,0.72,0.475,18,38,0
49,55,120,0.442,0.786,0.318,20,44,123,0.5,0.852,0.353,21,46,0
46,45,142,0.554,0.846,0.514,34,50,111,0.462,0.737,0.351,29,35,1
53,37,109,0.429,0.923,0.317,23,45,130,0.5,0.786,0.545,23,47,0
38,65,111,0.545,0.778,0.406,29,30,112,0.462,0.769,0.533,28,47,0
54,64,113,0.542,0.655,0.2,30,40,108,0.429,0.813,0.459,25,44,1
52,51,106,0.435,0.889,0.372,22,44,111,0.439,0.609,0.324,21,51,0
41,58,125,0.5,0.95,0.414,25,47,118,0.512,0.909,0.4,24,36,1
63,57,119,0.435,0.81,0.367,20,39,123,0.506,0.75,0.406,23,43,0
50,61,91,0.39,0.724,0.238,23,42,103,0.455,0.789,0.32,21,48,0
60,59,106,0.39,0.684,0.344,25,50,114,0.439,0.818,0.294,29,57,0
56,45,124,0.512,0.806,0.292,27,42,121,0.433,0.857,0.295,23,49,1
44,43,116,0.517,0.667,0.294,26,37,117,0.473,0.81,0.389,27,48,0
47,62,106,0.477,0.636,0.278,24,44,101,0.468,0.842,0.333,17,41,1
37,39,124,0.538,0.889,0.424,25,35,116,0.511,0.833,0.39,30,39,1
48,42,99,0.417,0.815,0.259,19,48,107,0.447,0.636,0.439,27,38,0
55,38,87,0.288,0.846,0.25,17,40,135,0.561,0.818,0.556,28,51,0
49,54,128,0.558,0.733,0.345,28,47,119,0.505,0.421,0.415,32,41,1
50,66,126,0.394,0.628,0.236,29,58,120,0.412,0.757,0.242,31,62,1
40,63,109,0.5,0.85,0.154,20,34,121,0.5,0.63,0.294,29,49,0
56,46,103,0.489,0.7,0.32,30,52,96,0.412,0.667,0.286,26,46,1
64,65,103,0.471,0.778,0.31,21,45,94,0.376,0.815,0.348,19,44,1
51,58,109,0.512,0.933,0.346,25,49,85,0.344,0.778,0.257,12,43,1
52,60,123,0.417,0.818,0.3,28,56,127,0.5,0.667,0.382,28,46,0
41,59,120,0.523,0.857,0.417,25,53,109,0.478,0.714,0.3,28,33,1
49,57,107,0.427,0.75,0.317,18,43,122,0.455,0.737,0.419,30,58,0
40,61,120,0.584,0.875,0.457,36,47,90,0.305,0.774,0.235,8,44,1
43,53,121,0.477,0.913,0.4,25,52,111,0.44,0.87,0.282,24,42,1
62,45,135,0.551,0.864,0.45,34,53,101,0.422,0.679,0.324,23,33,1
46,44,119,0.565,0.533,0.441,25,43,104,0.453,0.769,0.39,23,38,1
38,37,105,0.424,0.815,0.289,21,54,95,0.366,1,0.316,18,48,1
54,50,120,0.441,0.773,0.289,28,54,129,0.512,0.893,0.529,23,38,0
57,52,112,0.476,0.85,0.375,29,51,103,0.383,0.853,0.308,19,41,1
66,63,118,0.402,0.788,0.311,28,53,125,0.49,0.606,0.333,31,57,0
64,58,110,0.466,0.714,0.342,26,32,123,0.566,0.862,0.429,27,42,0
40,59,114,0.494,0.85,0.344,22,46,124,0.505,0.842,0.378,26,34,0
55,39,103,0.481,0.81,0.455,24,40,93,0.468,0.867,0.333,21,34,1
61,43,109,0.489,0.647,0.353,22,35,110,0.464,0.857,0.378,28,50,0
48,51,115,0.5,0.793,0.345,20,52,111,0.452,0.682,0.3,16,41,1
41,60,106,0.449,0.826,0.28,20,57,101,0.386,0.733,0.306,22,43,1
42,46,97,0.412,0.632,0.385,16,44,99,0.524,0.545,0.318,23,42,0
44,47,117,0.444,0.735,0.316,24,50,115,0.466,0.667,0.407,25,48,1
56,53,132,0.524,0.7,0.441,40,52,105,0.425,0.667,0.366,25,44,1
65,66,119,0.471,0.611,0.343,32,45,141,0.557,0.652,0.429,36,51,0
54,39,113,0.472,0.688,0.474,25,38,120,0.531,0.833,0.375,20,32,0
55,60,100,0.387,0.808,0.269,19,55,87,0.389,0.917,0.171,21,52,1
37,59,121,0.456,0.867,0.326,28,49,136,0.556,0.857,0.563,37,41,0
38,43,108,0.396,0.733,0.27,24,54,102,0.433,0.722,0.25,23,52,1
41,50,134,0.632,0.769,0.452,32,43,122,0.5,0.813,0.325,32,32,1
62,53,114,0.449,0.875,0.317,22,50,99,0.44,0.75,0.371,23,40,1
65,63,107,0.436,0.857,0.2,27,40,132,0.478,0.69,0.5,32,60,0
64,51,113,0.506,0.889,0.355,29,41,112,0.464,0.857,0.345,19,42,1
40,48,97,0.424,0.875,0.268,19,39,112,0.481,0.857,0.313,25,43,0
45,61,120,0.524,0.6,0.421,25,41,139,0.546,0.818,0.385,25,37,0
42,46,112,0.487,0.852,0.333,19,41,105,0.481,0.72,0.391,24,31,1
56,49,131,0.567,0.69,0.3,35,43,107,0.455,0.68,0.263,18,39,1
44,52,114,0.462,0.882,0.333,27,38,116,0.433,0.727,0.389,24,51,0
39,59,105,0.476,0.75,0.429,18,51,92,0.384,0.727,0.242,24,46,1
66,41,109,0.43,0.696,0.302,26,43,121,0.561,0.684,0.485,27,40,0
60,61,98,0.414,0.857,0.298,28,45,117,0.511,1,0.371,22,45,0
62,44,111,0.461,0.706,0.333,26,52,85,0.359,0.765,0.372,17,35,1
57,47,107,0.472,0.813,0.313,26,41,105,0.554,0.462,0.459,29,38,1
58,50,132,0.516,0.889,0.4,32,51,119,0.449,0.833,0.348,28,34,1
55,56,109,0.461,0.944,0.313,24,44,114,0.453,0.917,0.231,27,48,0
37,54,133,0.578,0.75,0.515,36,43,112,0.398,0.848,0.323,22,43,1
51,38,91,0.384,0.385,0.278,22,40,126,0.549,0.75,0.35,32,52,0
63,46,135,0.515,0.8,0.346,26,55,109,0.449,0.75,0.355,25,40,1
40,45,110,0.525,0.9,0.25,27,43,97,0.372,0.645,0.31,19,47,1
42,65,116,0.506,0.783,0.5,24,47,86,0.379,0.682,0.167,20,45,1
43,52,132,0.541,0.774,0.41,31,52,115,0.446,0.833,0.349,25,41,1
47,49,116,0.518,0.6,0.313,28,41,131,0.542,0.6,0.417,31,42,0
57,53,95,0.352,0.769,0.289,21,50,113,0.489,0.75,0.5,34,50,0
58,50,114,0.494,0.885,0.36,29,38,134,0.481,0.706,0.5,34,49,0
66,61,101,0.411,0.875,0.225,28,38,116,0.488,0.655,0.429,21,51,0
64,48,100,0.45,0.913,0.226,25,33,121,0.566,0.81,0.563,29,37,0
41,56,124,0.478,0.903,0.385,18,40,127,0.544,0.895,0.375,31,44,0
60,44,98,0.411,0.765,0.306,21,50,110,0.5,0.765,0.349,30,40,0
62,52,113,0.419,0.852,0.25,19,49,104,0.379,0.686,0.242,18,56,1
41,55,108,0.481,0.885,0.269,21,38,119,0.536,0.81,0.5,29,38,0
50,65,118,0.462,0.81,0.472,27,51,105,0.421,0.684,0.375,28,47,1
43,51,124,0.521,0.762,0.313,37,55,104,0.414,0.727,0.39,24,36,1
39,54,98,0.405,0.679,0.344,25,50,85,0.373,0.882,0.258,17,47,1
53,38,83,0.358,0.952,0.192,17,40,116,0.455,0.929,0.283,29,55,0
42,37,103,0.432,0.846,0.444,25,48,94,0.389,0.938,0.2,21,50,1
45,40,107,0.476,0.688,0.356,28,33,120,0.532,0.722,0.414,29,33,0
46,49,113,0.417,0.938,0.391,26,44,137,0.545,0.815,0.5,28,50,0
53,63,115,0.433,0.69,0.354,27,38,135,0.505,0.727,0.333,33,62,0
66,48,86,0.384,0.625,0.278,23,50,104,0.418,0.944,0.344,27,49,0
64,56,80,0.353,0.789,0.208,14,42,95,0.404,0.5,0.258,26,64,0
47,52,122,0.471,0.607,0.265,29,57,115,0.398,0.722,0.289,24,56,1
57,49,108,0.482,0.571,0.311,25,38,137,0.533,0.727,0.46,36,44,0
58,60,113,0.518,0.682,0.375,30,47,103,0.483,0.625,0.3,23,41,1
66,39,101,0.413,0.917,0.326,27,52,102,0.4,0.8,0.4,26,51,0
65,38,93,0.327,0.75,0.385,18,56,102,0.451,0.76,0.321,23,55,0
54,41,115,0.495,1,0.444,25,37,122,0.544,0.783,0.231,30,43,0
61,37,125,0.568,0.889,0.63,29,45,114,0.462,0.905,0.31,27,40,1
59,45,131,0.573,0.8,0.464,33,44,106,0.434,0.793,0.333,15,35,1
62,51,125,0.565,0.857,0.447,33,50,102,0.414,0.727,0.353,25,42,1
43,40,105,0.449,0.941,0.463,22,31,113,0.56,0.913,0.32,27,38,0
42,55,107,0.459,0.826,0.294,22,40,98,0.514,0.739,0.333,23,36,1
57,60,93,0.396,0.7,0.182,18,53,96,0.379,0.714,0.357,24,52,0
59,48,95,0.375,0.711,0.242,21,43,112,0.506,0.889,0.4,27,42,0
65,50,117,0.44,0.786,0.326,27,45,128,0.506,0.893,0.441,29,42,0
61,41,127,0.425,0.895,0.389,30,58,120,0.478,0.917,0.414,30,51,1
37,56,124,0.524,0.727,0.5,25,41,115,0.523,0.778,0.281,30,39,1
44,58,126,0.56,0.75,0.476,27,40,114,0.525,0.826,0.355,29,25,1
46,47,111,0.517,0.545,0.433,29,43,110,0.466,0.68,0.379,19,44,1
54,53,118,0.449,0.696,0.438,25,46,119,0.442,0.923,0.314,29,52,0
55,64,103,0.451,0.769,0.407,23,41,106,0.456,0.789,0.409,25,52,0
38,66,113,0.512,0.882,0.389,31,42,107,0.425,0.778,0.3,18,46,1
52,63,108,0.432,0.769,0.333,23,48,120,0.431,0.696,0.41,30,51,0
45,39,115,0.476,0.697,0.35,25,37,104,0.513,0.556,0.333,23,48,1
42,60,114,0.469,0.8,0.326,28,39,120,0.477,0.84,0.459,25,50,0
62,43,108,0.488,0.773,0.241,21,37,104,0.532,0.75,0.393,24,39,1
58,51,112,0.441,0.889,0.333,23,48,101,0.488,0.786,0.32,22,40,1
47,57,99,0.423,0.667,0.367,25,53,94,0.357,0.526,0.333,23,55,1
65,40,101,0.488,0.786,0.25,21,35,111,0.438,0.893,0.286,24,46,0
49,64,112,0.5,0.889,0.316,26,44,98,0.439,0.7,0.343,22,40,1
61,48,110,0.481,0.69,0.462,20,43,106,0.487,0.88,0.267,26,38,1
41,53,126,0.511,0.793,0.367,25,49,115,0.495,0.818,0.359,33,36,1
50,43,130,0.495,0.76,0.422,35,52,115,0.427,0.893,0.318,27,46,1
59,44,120,0.554,0.706,0.485,33,34,124,0.448,1,0.435,30,46,0
56,51,121,0.553,0.839,0.355,26,37,111,0.494,0.714,0.4,25,33,1
39,40,93,0.429,0.857,0.29,26,37,90,0.388,0.857,0.2,26,51,1
54,46,122,0.526,0.667,0.483,31,50,116,0.469,0.846,0.341,25,41,1
55,63,122,0.49,0.867,0.355,30,49,119,0.461,0.679,0.2,18,48,1
38,48,122,0.524,0.667,0.381,24,44,92,0.391,0.7,0.386,25,38,1
52,58,116,0.5,0.793,0.371,25,47,96,0.43,0.5,0.289,24,36,1
37,61,100,0.457,0.875,0.375,28,46,106,0.427,0.706,0.5,21,43,0
45,44,108,0.429,0.69,0.372,25,37,122,0.538,0.826,0.425,23,41,0
60,57,98,0.407,0.941,0.293,22,50,81,0.42,0.75,0.184,18,41,1
37,47,129,0.583,0.656,0.323,31,45,121,0.54,0.522,0.429,29,38,1
66,46,90,0.327,0.667,0.235,24,44,115,0.524,0.842,0.393,23,60,0
41,57,130,0.556,0.944,0.406,36,44,116,0.518,0.75,0.462,23,36,1
65,39,115,0.462,0.84,0.385,26,48,105,0.463,0.64,0.382,25,41,1
53,42,110,0.512,0.813,0.324,26,40,108,0.481,0.778,0.421,22,40,1
49,43,100,0.474,0.727,0.333,23,32,136,0.602,0.7,0.535,39,41,0
50,62,126,0.551,0.833,0.419,35,40,106,0.469,0.714,0.375,23,38,1
56,59,115,0.495,0.667,0.344,31,46,110,0.45,0.875,0.351,27,43,1
40,38,97,0.439,0.739,0.25,22,40,107,0.531,0.636,0.341,31,43,0
42,54,132,0.531,0.636,0.471,31,46,105,0.44,0.696,0.273,25,47,1
55,58,103,0.514,0.731,0.4,24,36,101,0.439,0.85,0.343,24,43,1
48,61,120,0.409,0.7,0.32,26,61,124,0.439,0.778,0.356,24,53,0
63,64,115,0.46,0.833,0.419,24,60,95,0.417,0.714,0.345,27,37,1
44,51,110,0.408,0.889,0.311,24,55,106,0.398,0.81,0.393,21,52,1
53,65,119,0.494,0.962,0.48,28,47,103,0.368,0.784,0.345,23,41,1
66,47,117,0.518,0.714,0.306,25,50,114,0.418,0.719,0.375,19,44,1
37,38,108,0.461,0.7,0.387,19,43,92,0.349,0.926,0.194,15,52,1
40,43,105,0.389,0.909,0.147,23,43,116,0.5,0.88,0.364,29,43,0
48,46,121,0.471,0.963,0.441,28,51,114,0.446,0.719,0.257,22,37,1
45,57,110,0.481,0.774,0.244,25,38,125,0.568,0.8,0.436,20,34,0
63,62,119,0.561,0.75,0.391,27,42,109,0.435,0.857,0.37,20,37,1
60,54,110,0.453,0.588,0.326,22,43,113,0.432,0.621,0.333,25,60,0
59,41,131,0.526,0.833,0.432,35,44,122,0.523,0.846,0.267,22,37,1
56,50,134,0.512,0.757,0.513,36,49,124,0.489,0.815,0.359,20,38,1
49,52,123,0.461,0.871,0.326,27,47,108,0.464,0.571,0.35,21,45,1
55,47,105,0.5,0.588,0.371,30,41,87,0.409,1,0.207,19,42,1
44,50,124,0.537,0.714,0.583,31,47,115,0.442,0.778,0.227,22,41,1
39,49,115,0.471,0.824,0.452,27,41,99,0.463,0.889,0.281,22,41,1
54,66,126,0.478,0.824,0.294,33,41,158,0.581,0.788,0.533,37,36,0
53,46,102,0.452,0.773,0.257,29,39,111,0.444,0.889,0.517,20,49,0
37,58,121,0.533,0.765,0.333,29,48,104,0.419,0.737,0.3,23,42,1
48,52,110,0.5,0.909,0.432,30,38,96,0.422,0.647,0.341,24,44,1
51,43,118,0.489,0.769,0.414,26,38,124,0.472,0.926,0.417,27,48,0
41,61,111,0.548,0.75,0.269,32,45,105,0.481,0.607,0.387,24,34,1
59,63,110,0.457,0.789,0.243,30,39,118,0.511,0.731,0.304,24,44,0
62,56,97,0.43,0.739,0.4,20,39,105,0.488,0.667,0.389,14,44,0
57,42,112,0.512,0.609,0.368,27,38,132,0.545,0.769,0.444,35,45,0
55,40,117,0.464,0.935,0.323,26,44,107,0.482,0.692,0.409,26,39,1
65,43,105,0.423,0.786,0.333,25,36,110,0.429,0.871,0.344,25,56,0
61,66,125,0.524,0.793,0.471,27,42,113,0.488,0.719,0.323,25,37,1
64,46,115,0.463,0.8,0.333,25,52,116,0.415,0.871,0.379,28,48,0
38,58,128,0.495,0.857,0.444,32,67,75,0.305,0.733,0.182,15,45,1
51,47,96,0.42,0.682,0.259,20,54,106,0.472,1,0.316,23,33,0
45,59,104,0.411,0.68,0.265,21,45,134,0.574,1,0.375,38,49,0
44,42,130,0.533,0.833,0.395,31,58,92,0.352,1,0.25,17,39,1
57,50,107,0.394,0.85,0.39,26,50,109,0.439,0.742,0.326,21,49,0
39,52,95,0.432,0.6,0.361,29,51,93,0.417,0.524,0.316,21,45,1
40,54,117,0.466,0.935,0.2,23,45,113,0.437,0.72,0.413,26,41,1
60,41,110,0.413,0.75,0.356,26,44,111,0.461,0.737,0.385,31,51,0
56,62,115,0.475,0.533,0.361,28,51,109,0.494,0.682,0.452,16,38,1
52,46,110,0.429,0.842,0.444,26,52,102,0.43,0.667,0.341,20,40,1
64,38,87,0.355,0.813,0.235,20,44,116,0.444,0.81,0.487,26,57,0
48,47,113,0.494,0.9,0.455,31,39,107,0.456,0.8,0.275,20,38,1
53,41,114,0.525,0.783,0.462,31,35,95,0.434,0.75,0.238,10,44,1
61,57,105,0.398,0.643,0.333,28,43,114,0.529,0.462,0.563,31,47,0
66,37,91,0.391,0.704,0.111,23,54,113,0.455,0.75,0.385,25,45,0
59,55,109,0.472,0.682,0.333,30,43,115,0.478,0.87,0.438,22,47,0
42,63,104,0.486,0.742,0.3,22,42,91,0.374,0.684,0.167,20,50,1
50,51,136,0.522,0.839,0.438,24,37,125,0.505,0.933,0.395,27,48,1
43,65,117,0.518,0.739,0.343,29,34,111,0.56,0.842,0.379,28,34,1
44,62,94,0.434,0.9,0.31,19,40,92,0.383,0.826,0.314,17,51,1
49,58,133,0.495,0.88,0.5,19,43,127,0.526,0.625,0.405,29,48,1
39,60,94,0.461,0.514,0.222,22,54,87,0.388,0.563,0.293,16,41,1
56,54,113,0.49,0.857,0.28,34,51,103,0.44,0.704,0.345,19,44,1
66,60,121,0.455,0.7,0.347,34,62,98,0.378,0.8,0.273,20,52,1
53,47,105,0.444,0.759,0.275,23,35,116,0.494,0.826,0.433,23,45,0
55,46,101,0.418,0.714,0.357,23,44,102,0.46,0.733,0.344,21,49,0
37,48,110,0.559,0.833,0.424,26,36,108,0.482,0.917,0.375,30,33,1
38,57,105,0.451,0.87,0.297,25,42,109,0.474,0.7,0.485,20,42,0
64,61,105,0.506,0.8,0.333,29,45,109,0.467,0.824,0.367,20,40,0
49,41,94,0.386,0.714,0.194,20,53,90,0.365,0.875,0.184,21,49,1
59,51,102,0.389,0.833,0.276,24,49,117,0.48,1,0.36,24,53,0
43,63,118,0.473,0.826,0.406,34,37,122,0.524,0.625,0.44,19,48,0
62,65,111,0.456,0.853,0.323,22,44,101,0.437,0.75,0.406,22,40,1
44,45,105,0.481,0.773,0.333,25,41,103,0.427,0.85,0.286,25,39,1
52,40,91,0.377,0.667,0.237,21,48,102,0.5,0.682,0.393,27,35,0
42,56,101,0.435,0.8,0.297,19,50,109,0.453,0.92,0.222,25,40,0
44,54,117,0.447,0.828,0.214,28,53,121,0.432,0.706,0.429,23,48,0
55,53,123,0.542,0.852,0.357,21,44,110,0.444,0.75,0.514,26,43,1
64,51,118,0.477,0.813,0.345,23,40,119,0.528,0.85,0.32,23,36,0
37,50,134,0.523,0.879,0.395,34,39,122,0.433,0.724,0.37,21,45,1
38,66,102,0.433,0.769,0.304,27,38,111,0.488,0.733,0.41,27,47,0
48,57,104,0.463,0.72,0.343,24,43,92,0.407,0.75,0.304,19,43,1
41,39,117,0.547,0.722,0.455,25,37,104,0.519,0.682,0.333,27,38,1
49,63,126,0.474,0.955,0.351,29,56,114,0.415,0.68,0.225,26,47,1
42,61,102,0.487,0.95,0.273,23,45,98,0.385,0.8,0.25,17,44,1
59,60,118,0.49,0.643,0.375,32,50,96,0.388,0.8,0.258,20,46,1
62,45,111,0.472,0.85,0.263,26,49,116,0.427,0.706,0.489,24,44,0
43,46,130,0.49,0.84,0.342,32,44,128,0.536,0.75,0.385,35,47,1
58,65,131,0.524,0.705,0.444,22,35,133,0.505,0.867,0.417,27,41,0
47,54,104,0.444,0.722,0.324,23,40,111,0.489,0.8,0.367,28,48,0
52,50,110,0.463,0.727,0.316,21,44,112,0.432,0.763,0.317,21,38,0
44,65,102,0.41,0.741,0.333,26,54,86,0.353,0.708,0.265,18,50,1
38,40,104,0.475,0.9,0.313,22,47,92,0.414,0.611,0.3,23,41,1
52,66,87,0.4,0.524,0.353,22,53,97,0.419,0.647,0.359,23,39,0
64,55,117,0.483,0.75,0.3,25,49,98,0.407,0.84,0.269,19,42,1
39,51,114,0.519,0.905,0.344,26,40,107,0.494,0.722,0.4,27,35,1
63,41,119,0.511,0.75,0.4,29,48,106,0.435,0.867,0.419,24,43,1
46,54,139,0.549,0.861,0.5,32,37,133,0.515,0.87,0.394,30,41,1
37,49,121,0.442,0.938,0.417,25,46,114,0.443,0.833,0.421,21,42,1
53,57,88,0.378,0.6,0.25,21,50,98,0.411,0.944,0.206,20,55,0
48,61,104,0.458,0.864,0.375,20,49,99,0.411,0.706,0.361,24,45,1
42,60,104,0.398,0.786,0.324,28,47,102,0.434,0.792,0.314,20,42,1
59,56,107,0.446,0.727,0.3,21,47,121,0.516,0.7,0.281,29,45,0
47,62,101,0.442,0.609,0.297,15,45,95,0.373,0.875,0.261,21,44,1
65,56,108,0.463,0.676,0.36,25,32,135,0.586,0.733,0.407,30,51,0
58,45,112,0.451,0.75,0.316,26,37,118,0.539,0.833,0.4,22,47,0
50,44,119,0.495,0.65,0.372,30,47,99,0.39,0.759,0.31,20,47,1
43,62,102,0.442,0.875,0.256,32,39,125,0.524,0.759,0.385,26,51,0
49,61,96,0.338,0.914,0.308,19,41,103,0.44,0.55,0.343,25,50,0
64,57,110,0.433,0.87,0.324,20,43,115,0.459,0.686,0.333,19,39,0
37,52,108,0.5,0.706,0.364,23,31,117,0.506,0.769,0.419,24,44,0
51,40,120,0.548,0.941,0.444,30,44,105,0.46,0.667,0.29,27,35,1
48,55,98,0.384,0.767,0.257,24,43,109,0.506,0.762,0.406,24,43,0
60,39,102,0.434,0.909,0.37,17,51,107,0.46,0.72,0.257,28,37,0
38,41,114,0.489,0.895,0.346,27,50,112,0.506,0.8,0.414,31,32,1
59,46,101,0.41,0.815,0.297,19,54,94,0.38,0.75,0.316,24,54,1
43,47,133,0.516,0.941,0.575,35,51,96,0.439,0.737,0.333,21,41,1
42,53,108,0.41,0.842,0.353,16,47,92,0.481,0.688,0.269,16,37,1
66,53,109,0.412,0.81,0.286,28,44,116,0.517,0.733,0.333,32,43,0
65,61,103,0.469,0.826,0.296,22,43,87,0.322,0.769,0.289,18,46,1
54,56,94,0.386,0.722,0.302,20,42,112,0.455,0.913,0.393,24,51,0
55,38,111,0.447,0.84,0.341,26,40,99,0.474,0.778,0.355,20,44,1
41,44,96,0.425,0.667,0.263,26,36,138,0.564,0.765,0.452,39,47,0
48,37,124,0.532,0.933,0.467,30,37,118,0.481,0.867,0.421,26,34,1
59,39,109,0.457,0.769,0.441,22,47,114,0.484,0.583,0.4,24,46,0
63,42,85,0.382,0.769,0.226,19,41,112,0.516,0.625,0.25,30,52,0
58,45,126,0.5,0.708,0.351,33,53,114,0.436,0.813,0.302,25,50,1
49,44,118,0.512,0.667,0.439,29,54,99,0.347,0.708,0.333,20,49,1
63,50,116,0.457,0.686,0.25,22,56,108,0.427,0.786,0.313,23,46,1
40,46,113,0.443,0.813,0.359,23,57,89,0.383,0.85,0.294,19,46,1
51,60,109,0.418,0.909,0.219,16,50,130,0.516,0.889,0.444,32,38,0
43,57,140,0.627,0.75,0.5,35,40,108,0.453,0.607,0.325,28,34,1
54,38,100,0.465,0.65,0.194,27,37,119,0.513,0.84,0.474,23,37,0
55,66,98,0.466,0.643,0.4,18,33,109,0.517,0.875,0.294,29,42,0
64,53,112,0.524,0.762,0.323,26,42,106,0.414,0.813,0.314,31,49,1
37,48,91,0.378,0.696,0.289,20,37,115,0.478,0.929,0.356,28,54,0
52,42,108,0.467,0.8,0.444,24,54,85,0.41,0.684,0.216,16,39,1
59,45,124,0.434,0.778,0.37,27,43,128,0.549,0.688,0.444,23,48,0
62,39,91,0.4,0.636,0.34,11,32,111,0.531,0.824,0.367,28,50,0
41,51,112,0.469,0.806,0.367,22,35,138,0.563,0.821,0.531,35,41,0
58,47,125,0.551,0.842,0.367,28,45,116,0.429,0.667,0.34,25,45,1
64,60,122,0.54,0.739,0.333,29,42,118,0.48,0.867,0.282,23,41,1
61,56,95,0.404,0.6,0.216,15,47,99,0.473,0.818,0.344,25,39,0
41,65,133,0.543,0.789,0.529,33,61,87,0.337,0.778,0.171,17,41,1
63,44,116,0.44,0.778,0.412,30,49,108,0.427,0.862,0.361,25,45,1
40,50,128,0.553,0.757,0.485,33,38,125,0.488,0.742,0.462,27,32,1
46,43,87,0.405,0.75,0.294,23,31,85,0.4,0.85,0.121,24,56,1
66,49,103,0.396,0.875,0.295,23,48,99,0.44,0.75,0.302,25,48,1
65,62,126,0.516,0.917,0.514,30,39,116,0.512,0.773,0.333,23,40,1
38,54,101,0.398,0.821,0.286,17,53,98,0.383,0.882,0.297,22,47,1
52,59,111,0.488,0.75,0.406,23,49,96,0.411,0.667,0.276,19,43,1
45,55,91,0.39,0.667,0.31,18,39,111,0.457,0.833,0.286,23,47,0
57,51,114,0.465,0.731,0.395,23,47,108,0.462,0.8,0.375,23,42,1
58,39,108,0.429,0.727,0.467,20,43,109,0.494,0.867,0.294,29,48,0
51,59,121,0.48,0.864,0.286,26,55,119,0.43,0.778,0.406,33,44,1
46,37,106,0.478,0.857,0.364,24,47,93,0.449,0.842,0.269,19,39,1
53,64,100,0.4,0.938,0.321,18,42,102,0.409,0.792,0.379,23,54,0
61,40,105,0.424,0.95,0.412,18,46,101,0.453,0.84,0.364,20,35,1
45,50,123,0.474,0.607,0.326,31,45,141,0.509,0.762,0.357,37,56,0
60,43,95,0.432,0.833,0.237,29,41,99,0.416,0.75,0.361,28,53,0
42,41,113,0.5,1,0.444,28,48,99,0.433,0.769,0.333,23,39,1
44,39,96,0.402,0.8,0.238,24,54,82,0.427,0.611,0.292,21,42,1
57,58,103,0.42,0.8,0.425,26,48,88,0.388,0.714,0.226,20,46,1
47,63,119,0.464,0.789,0.424,26,41,127,0.547,0.688,0.367,33,47,0
46,63,108,0.406,0.833,0.313,16,49,123,0.44,0.742,0.316,26,56,0
66,49,114,0.444,0.588,0.333,29,49,106,0.389,0.923,0.324,21,53,1
65,53,97,0.437,0.688,0.303,23,49,92,0.337,0.87,0.304,25,44,1
54,62,125,0.55,0.719,0.483,30,38,113,0.476,0.947,0.429,20,39,1
38,52,99,0.474,0.882,0.414,26,45,75,0.367,0.4,0.355,13,40,1
56,48,100,0.38,0.897,0.412,24,35,123,0.5,0.867,0.5,33,49,0
55,59,119,0.517,0.778,0.348,28,49,100,0.413,0.75,0.3,22,39,1
51,49,109,0.457,0.95,0.222,23,49,121,0.458,0.81,0.356,21,45,0
61,62,122,0.45,0.8,0.293,26,48,108,0.481,0.722,0.447,23,40,1
41,64,130,0.527,0.905,0.455,34,41,122,0.511,0.962,0.292,28,41,1
45,42,106,0.425,0.69,0.279,17,40,130,0.544,0.536,0.447,34,55,0
60,50,105,0.404,0.783,0.341,26,45,135,0.556,0.72,0.415,39,45,0
43,58,121,0.553,0.625,0.353,32,41,111,0.435,0.833,0.379,21,47,1
47,37,134,0.495,0.895,0.415,37,47,118,0.448,0.704,0.361,29,54,1
57,39,101,0.402,0.579,0.457,22,51,114,0.488,0.655,0.436,22,43,0
52,38,108,0.444,0.667,0.5,23,42,105,0.475,0.923,0.378,22,38,1
63,65,118,0.49,0.632,0.313,31,61,88,0.343,0.769,0.227,23,39,1
40,44,101,0.422,0.793,0.235,20,46,96,0.425,0.833,0.212,22,43,1
56,46,106,0.411,0.8,0.323,22,63,89,0.36,0.84,0.214,20,49,1
66,65,140,0.593,0.69,0.571,39,49,111,0.467,0.55,0.333,26,36,1
53,55,106,0.444,0.7,0.308,22,47,116,0.506,0.75,0.429,26,42,0
64,45,111,0.44,0.808,0.256,18,41,114,0.471,0.781,0.346,15,48,0
38,59,97,0.444,0.889,0.321,19,41,99,0.477,1,0.385,20,48,0
54,51,121,0.5,0.929,0.333,26,33,129,0.57,0.897,0.238,28,38,0
42,44,99,0.379,0.808,0.3,22,46,82,0.407,0.688,0.179,20,46,1
49,61,111,0.447,0.692,0.436,22,45,117,0.472,0.68,0.444,24,44,0
50,60,98,0.4,0.7,0.273,23,55,90,0.367,0.833,0.257,21,52,1
43,62,109,0.477,0.933,0.306,27,42,115,0.467,0.833,0.341,22,44,0
57,48,109,0.423,0.778,0.395,18,36,115,0.451,0.759,0.463,29,50,0
58,37,102,0.422,0.75,0.407,15,47,108,0.453,0.733,0.267,20,48,0
39,63,106,0.435,0.762,0.294,28,49,110,0.467,0.773,0.333,21,45,0
61,59,129,0.469,0.724,0.409,30,52,104,0.432,0.684,0.257,27,50,1
52,54,104,0.488,0.714,0.214,17,51,94,0.421,0.656,0.237,22,35,1
40,56,110,0.404,0.875,0.303,28,48,123,0.541,0.7,0.548,32,42,0
47,58,122,0.495,0.65,0.344,24,44,114,0.518,0.778,0.412,31,45,1
55,45,133,0.521,0.941,0.425,33,54,113,0.416,0.727,0.341,25,42,1
64,66,124,0.46,0.903,0.421,26,51,121,0.481,0.538,0.368,28,45,1
51,63,104,0.451,0.808,0.29,28,33,118,0.471,0.571,0.286,24,61,0
41,53,102,0.43,0.739,0.355,17,49,98,0.424,0.889,0.37,24,44,1
49,65,106,0.424,0.773,0.239,21,47,115,0.484,0.643,0.419,31,47,0
40,62,104,0.402,0.636,0.261,21,47,115,0.482,0.824,0.487,22,43,0
42,43,103,0.449,0.905,0.378,23,28,89,0.463,0.724,0.24,21,47,1
44,48,115,0.489,0.846,0.368,39,43,108,0.411,0.895,0.405,24,49,1
57,37,136,0.528,0.857,0.439,29,41,131,0.545,0.875,0.341,31,39,1
46,50,104,0.5,0.882,0.344,22,31,122,0.527,0.889,0.356,34,40,0
61,52,120,0.477,0.833,0.382,21,44,105,0.449,0.821,0.333,22,30,1
38,53,116,0.453,0.893,0.361,25,46,111,0.421,0.815,0.333,17,45,1
39,54,108,0.466,0.714,0.231,26,48,104,0.446,0.786,0.413,24,39,1
58,48,115,0.513,0.815,0.382,31,39,113,0.438,1,0.273,26,49,1
66,56,99,0.459,0.571,0.257,27,34,133,0.505,1,0.415,36,53,0
60,42,86,0.412,0.667,0.333,20,41,95,0.447,0.714,0.359,28,48,0
47,50,108,0.48,0.793,0.317,20,28,103,0.446,0.75,0.237,21,56,1
49,40,136,0.533,0.833,0.479,27,48,113,0.411,0.633,0.314,28,50,1
65,59,117,0.406,0.788,0.257,18,63,116,0.412,0.714,0.3,30,48,1
64,41,119,0.529,0.808,0.222,26,43,120,0.488,0.84,0.5,17,44,0
51,46,116,0.433,0.84,0.333,26,57,120,0.488,0.71,0.389,23,40,0
45,43,111,0.435,0.875,0.381,20,36,124,0.535,0.815,0.313,33,46,0
62,44,116,0.435,0.786,0.318,19,45,123,0.535,0.667,0.531,39,40,0
38,56,123,0.542,0.885,0.37,28,51,108,0.41,0.938,0.314,20,37,1
54,41,106,0.418,0.759,0.258,23,55,108,0.407,0.867,0.444,22,42,0
58,42,96,0.418,0.833,0.345,25,33,112,0.519,0.864,0.409,30,47,0
45,48,110,0.441,0.824,0.333,21,46,120,0.465,0.839,0.424,21,43,0
39,37,118,0.571,0.583,0.32,27,46,121,0.443,0.905,0.421,23,44,0
61,46,116,0.417,0.758,0.314,19,54,108,0.487,0.895,0.441,27,37,1
63,59,118,0.48,0.625,0.385,28,58,105,0.433,0.625,0.343,24,47,1
60,52,95,0.414,0.714,0.419,21,49,80,0.37,0.545,0.195,12,48,1
62,50,120,0.474,0.854,0.379,18,49,108,0.43,0.636,0.341,23,41,1
47,57,139,0.553,0.867,0.463,27,47,106,0.353,0.815,0.286,19,54,1
51,55,102,0.457,0.778,0.259,21,52,110,0.42,0.65,0.406,22,43,0
53,49,118,0.483,0.778,0.361,26,33,136,0.495,0.917,0.394,24,50,0
64,39,110,0.5,0.647,0.31,27,47,93,0.422,0.652,0.286,20,44,1
65,52,85,0.37,0.765,0.343,19,43,94,0.383,0.889,0.258,19,48,0
54,66,108,0.419,0.655,0.378,25,45,116,0.518,0.594,0.346,27,48,0
38,46,82,0.347,0.727,0.095,19,50,91,0.407,0.824,0.393,17,49,0
41,37,131,0.619,0.773,0.455,38,41,117,0.478,0.692,0.423,26,37,1
63,47,104,0.412,0.828,0.333,18,43,99,0.453,0.75,0.366,24,39,1
56,60,115,0.461,0.75,0.353,22,56,97,0.396,0.875,0.2,19,45,1
57,62,105,0.42,0.708,0.35,23,45,120,0.529,0.625,0.276,22,46,0
58,42,95,0.48,0.867,0.385,21,38,94,0.469,0.692,0.375,23,36,1
53,49,110,0.458,0.846,0.308,24,37,127,0.553,0.727,0.459,31,40,0
48,64,119,0.446,0.913,0.471,26,42,112,0.494,0.786,0.405,27,47,1
61,55,109,0.437,0.818,0.366,24,43,114,0.442,0.842,0.467,23,42,0
45,47,123,0.53,0.76,0.457,24,30,132,0.522,0.759,0.412,27,48,0
50,52,88,0.4,0.65,0.184,22,45,96,0.411,0.375,0.4,20,54,0
40,39,108,0.45,0.769,0.444,24,44,104,0.42,0.842,0.341,27,42,1
44,43,86,0.417,0.516,0.313,20,43,89,0.41,0.65,0.242,24,44,0
58,60,117,0.421,0.741,0.436,25,57,111,0.389,0.833,0.333,16,45,1
66,45,123,0.534,0.786,0.439,33,39,99,0.414,0.667,0.326,20,44,1
37,41,118,0.449,0.885,0.441,22,45,130,0.543,0.714,0.486,29,44,0
50,38,108,0.444,0.737,0.412,30,53,103,0.371,0.75,0.34,23,53,1
59,62,104,0.45,0.444,0.333,26,44,110,0.453,0.767,0.29,19,55,0
56,63,113,0.456,0.87,0.355,25,35,114,0.511,0.765,0.379,22,50,0
57,42,117,0.427,0.833,0.3,19,33,132,0.571,0.727,0.364,38,41,0
46,51,108,0.381,0.741,0.378,25,45,124,0.568,0.688,0.382,31,47,0
48,53,93,0.404,0.611,0.294,28,51,83,0.431,0.647,0.313,17,43,1
39,61,144,0.528,0.833,0.423,39,52,99,0.416,0.696,0.25,24,43,1
64,55,96,0.389,0.643,0.242,22,43,117,0.5,0.864,0.387,25,50,0
58,63,102,0.42,0.889,0.345,22,38,127,0.47,0.8,0.3,33,53,0
60,40,117,0.477,0.71,0.361,24,47,112,0.415,0.857,0.244,26,49,1
59,65,144,0.56,0.784,0.481,39,52,109,0.388,0.735,0.25,16,42,1
41,54,113,0.566,0.727,0.478,17,40,105,0.436,0.714,0.267,23,45,1
46,43,100,0.465,0.667,0.308,26,46,103,0.411,0.909,0.366,29,48,0
52,37,101,0.447,0.417,0.4,28,50,87,0.379,0.571,0.342,23,46,1
49,38,117,0.473,0.704,0.364,24,48,113,0.427,0.833,0.378,24,44,1
56,44,107,0.482,1,0.367,20,37,116,0.494,0.857,0.378,28,42,0
47,51,115,0.417,0.893,0.286,29,47,122,0.483,0.815,0.438,31,41,0
62,42,120,0.444,0.757,0.333,24,49,116,0.427,0.857,0.333,19,43,1
54,45,118,0.523,0.684,0.342,27,47,106,0.438,0.808,0.405,16,28,1
53,40,104,0.432,0.905,0.281,19,44,110,0.43,0.885,0.433,21,46,0
55,37,96,0.413,0.923,0.222,20,38,98,0.451,0.895,0.292,20,46,0
48,65,115,0.489,0.895,0.375,23,43,112,0.45,0.88,0.45,23,43,1
52,64,117,0.452,0.87,0.31,17,44,124,0.56,0.75,0.432,30,38,0
42,49,95,0.407,0.765,0.267,25,43,102,0.451,0.818,0.278,26,47,0
43,66,107,0.417,0.765,0.35,23,54,115,0.415,0.875,0.34,28,50,0
56,60,113,0.484,0.615,0.385,26,52,101,0.385,0.762,0.268,17,44,1
62,50,128,0.533,0.727,0.41,31,45,116,0.446,0.75,0.378,29,44,1
44,63,113,0.488,0.778,0.475,30,39,104,0.422,0.833,0.308,18,42,1
47,59,110,0.468,0.567,0.185,21,48,138,0.484,0.848,0.462,33,50,0
37,53,98,0.4,0.759,0.387,21,49,104,0.447,0.739,0.297,27,40,0
38,39,111,0.467,0.778,0.367,24,48,101,0.391,0.833,0.237,17,53,1
49,45,126,0.437,0.905,0.37,25,48,106,0.419,0.677,0.289,23,52,1
60,43,108,0.447,0.842,0.235,22,60,94,0.393,0.577,0.295,21,39,1
58,46,89,0.4,0.75,0.316,24,40,105,0.512,0.875,0.292,26,43,0
48,54,125,0.495,0.818,0.449,30,53,96,0.356,0.821,0.355,22,42,1
52,65,105,0.444,0.737,0.333,22,52,91,0.362,0.789,0.242,22,48,1
40,57,111,0.525,0.833,0.364,27,44,97,0.449,0.737,0.382,18,31,1
42,50,114,0.488,0.826,0.324,30,44,102,0.456,0.85,0.325,26,39,1
47,56,90,0.391,0.652,0.2,14,47,108,0.441,0.933,0.293,29,53,0
38,55,103,0.463,0.8,0.259,16,42,108,0.5,0.839,0.4,20,34,0
41,45,133,0.534,0.958,0.457,33,34,118,0.564,0.75,0.364,27,35,1
63,60,99,0.386,0.769,0.344,24,51,102,0.429,0.679,0.289,24,47,0
62,66,112,0.354,0.757,0.302,21,68,102,0.386,1,0.349,27,51,1
44,58,113,0.523,0.667,0.405,28,42,98,0.446,0.688,0.406,23,37,1
46,59,92,0.391,0.75,0.281,18,43,116,0.439,0.667,0.324,37,66,0
65,48,100,0.467,0.733,0.25,24,47,90,0.378,0.636,0.302,23,39,1
63,57,100,0.385,0.84,0.265,22,33,105,0.473,0.857,0.344,17,51,0
58,59,121,0.505,0.833,0.56,23,40,114,0.495,0.923,0.48,24,44,1
41,47,115,0.43,0.806,0.333,20,43,110,0.512,0.636,0.353,25,46,1
50,42,111,0.468,0.774,0.441,26,37,105,0.439,0.955,0.293,27,41,1
56,66,137,0.568,0.692,0.488,35,57,106,0.36,0.857,0.222,26,43,1
65,45,107,0.462,0.688,0.278,29,42,116,0.495,0.588,0.368,27,47,0
38,52,114,0.472,0.765,0.378,23,45,107,0.438,0.8,0.361,18,42,1
51,53,93,0.382,0.75,0.196,24,51,100,0.415,0.923,0.323,20,50,0
61,44,119,0.5,0.652,0.368,26,41,100,0.468,0.714,0.306,26,47,1
60,46,104,0.467,0.6,0.387,23,55,103,0.446,0.684,0.41,26,39,1
49,39,90,0.393,0.727,0.316,18,44,119,0.5,0.929,0.356,36,46,0
62,64,103,0.432,0.633,0.318,17,46,109,0.447,0.8,0.29,27,47,0
53,48,105,0.483,0.8,0.344,23,36,115,0.5,0.737,0.543,25,46,0
37,43,115,0.466,0.765,0.292,22,37,133,0.581,0.889,0.447,35,38,0
38,44,107,0.439,0.69,0.366,20,45,111,0.433,0.81,0.348,27,45,0
40,49,116,0.472,0.633,0.351,34,57,112,0.433,0.8,0.298,16,44,1
62,59,126,0.495,0.808,0.351,26,50,128,0.5,0.722,0.366,27,43,0
50,47,110,0.418,0.667,0.273,23,61,92,0.385,0.69,0.279,26,36,1
57,66,125,0.518,0.889,0.447,27,41,116,0.478,0.833,0.351,29,38,1
58,63,105,0.409,0.769,0.371,21,45,124,0.464,0.778,0.542,25,50,0
54,65,122,0.495,0.893,0.219,26,41,113,0.494,0.867,0.28,20,37,1
51,55,114,0.494,0.938,0.478,21,48,105,0.438,0.85,0.294,19,38,1
45,52,103,0.5,0.8,0.344,29,29,116,0.47,0.84,0.472,25,40,0
56,64,118,0.532,0.962,0.31,25,47,98,0.488,0.632,0.286,22,32,1
39,45,124,0.563,0.667,0.45,26,44,89,0.385,0.686,0.172,20,41,1
53,37,99,0.389,0.905,0.286,25,46,111,0.494,1,0.355,25,40,0
55,48,96,0.443,0.824,0.324,26,35,101,0.449,0.765,0.409,25,44,0
42,47,104,0.398,0.824,0.273,22,51,107,0.433,0.778,0.385,24,46,0
49,54,114,0.489,0.8,0.483,25,38,99,0.47,0.909,0.289,24,45,1
60,40,110,0.419,1,0.371,22,42,113,0.488,0.667,0.393,23,49,0
59,66,115,0.433,1,0.324,27,38,131,0.593,0.688,0.529,34,48,0
43,50,107,0.452,0.739,0.359,33,42,124,0.511,0.688,0.479,24,39,0
62,46,124,0.528,0.75,0.405,26,44,103,0.471,0.65,0.333,24,42,1
57,63,103,0.378,0.929,0.395,18,38,113,0.476,0.8,0.344,22,53,0
58,64,119,0.549,0.724,0.308,25,39,105,0.472,0.762,0.208,20,39,1
51,61,131,0.485,0.739,0.359,28,60,129,0.457,0.789,0.346,26,41,1
52,44,96,0.361,0.909,0.381,18,35,105,0.455,0.741,0.375,28,49,0
57,56,107,0.417,0.636,0.317,23,48,111,0.473,0.8,0.355,30,49,0
39,48,105,0.444,0.944,0.444,24,42,94,0.447,0.556,0.325,26,39,1
54,44,100,0.402,0.742,0.233,16,42,102,0.5,0.714,0.267,21,47,0
61,58,124,0.541,0.7,0.355,28,46,101,0.404,0.667,0.324,21,53,1
37,45,126,0.494,0.871,0.385,20,40,132,0.479,0.778,0.413,27,45,0
38,49,117,0.5,0.846,0.426,31,40,103,0.444,0.8,0.306,22,45,1
63,55,126,0.528,0.783,0.412,29,50,91,0.446,0.684,0.182,22,38,1
42,66,120,0.518,0.882,0.463,28,50,96,0.395,0.625,0.351,22,38,1
43,64,113,0.468,0.879,0.313,26,49,107,0.456,0.619,0.353,25,41,1
46,56,111,0.551,0.696,0.429,24,45,95,0.375,0.842,0.241,22,41,1
52,49,97,0.427,0.769,0.347,27,37,112,0.477,0.824,0.341,27,46,0
65,51,104,0.424,0.667,0.378,24,40,116,0.471,0.92,0.393,28,43,0
60,42,84,0.375,0.688,0.351,19,39,103,0.422,0.783,0.273,25,54,0
59,40,112,0.495,0.75,0.28,31,55,97,0.426,0.6,0.276,24,42,1
57,50,111,0.457,0.679,0.375,25,45,116,0.447,0.813,0.389,23,42,0
47,53,106,0.488,0.647,0.464,24,44,94,0.375,0.789,0.342,17,47,1
46,53,106,0.457,0.667,0.5,27,45,104,0.438,0.917,0.364,21,45,1
64,62,98,0.461,0.571,0.32,17,39,123,0.516,0.824,0.333,28,49,0
39,58,117,0.466,0.821,0.387,27,47,103,0.441,0.636,0.25,19,48,1
48,41,118,0.495,0.778,0.442,37,50,92,0.373,0.65,0.425,22,34,1
63,45,113,0.5,0.611,0.379,22,38,106,0.494,0.655,0.333,25,40,1
55,44,102,0.461,0.885,0.333,19,44,93,0.4,0.722,0.25,21,42,1
59,43,112,0.461,0.69,0.37,28,45,127,0.505,0.929,0.465,33,41,0
66,58,124,0.552,0.7,0.4,29,39,123,0.475,0.765,0.341,22,48,1
54,42,106,0.471,0.917,0.361,28,44,93,0.464,0.917,0.138,18,37,1
37,51,105,0.394,0.833,0.324,21,49,113,0.495,0.938,0.261,26,41,0
61,52,90,0.345,0.783,0.343,21,48,87,0.358,0.833,0.265,18,55,1
45,49,114,0.472,0.55,0.413,30,40,123,0.506,0.75,0.385,19,48,0
50,39,106,0.391,0.821,0.282,24,40,123,0.541,0.818,0.394,34,47,0
40,65,109,0.432,0.875,0.351,29,60,93,0.389,0.917,0.324,22,38,1
60,47,95,0.396,0.643,0.227,21,51,116,0.471,0.75,0.452,23,47,0
56,38,111,0.448,1,0.368,25,53,90,0.376,0.667,0.154,13,46,1
55,62,96,0.432,0.933,0.182,17,34,118,0.473,0.708,0.375,22,52,0
63,47,108,0.436,0.667,0.333,28,47,95,0.462,0.647,0.4,26,45,1
59,43,123,0.523,0.727,0.429,32,54,111,0.447,0.923,0.385,29,33,1
66,55,106,0.488,0.857,0.345,22,35,110,0.48,0.833,0.382,23,36,0
39,41,115,0.55,0.875,0.464,28,42,92,0.417,0.714,0.269,21,37,1
65,64,116,0.468,0.829,0.542,22,37,119,0.477,0.821,0.375,27,45,0
54,52,122,0.535,0.8,0.37,27,42,102,0.419,0.913,0.3,17,36,1
48,49,113,0.519,0.917,0.468,32,42,104,0.424,0.741,0.308,18,41,1
61,60,109,0.452,0.667,0.366,27,46,110,0.452,0.85,0.425,28,40,0
45,51,114,0.494,0.69,0.341,23,38,104,0.393,0.839,0.242,18,44,1
63,42,96,0.4,0.6,0.29,23,40,104,0.481,0.783,0.364,24,47,0
50,62,104,0.4,0.647,0.362,19,37,136,0.568,0.733,0.463,26,48,0
40,43,114,0.522,0.75,0.367,32,46,120,0.511,0.778,0.281,28,33,0
44,57,104,0.398,0.774,0.304,22,47,94,0.413,0.714,0.267,24,42,1
58,53,142,0.546,0.84,0.441,24,43,130,0.495,0.783,0.471,29,43,1
46,38,114,0.471,0.909,0.438,20,38,111,0.477,0.905,0.313,26,47,1
42,51,99,0.4,0.818,0.196,21,39,102,0.506,0.769,0.308,28,50,0
59,52,109,0.446,0.75,0.387,30,43,121,0.473,0.895,0.474,22,52,0
47,38,117,0.516,0.765,0.296,25,51,102,0.439,0.69,0.303,27,34,1
66,55,124,0.449,0.706,0.348,31,42,127,0.529,0.741,0.417,28,49,0
65,60,103,0.414,0.833,0.39,21,52,114,0.5,0.767,0.36,22,40,0
54,64,116,0.524,0.955,0.391,25,40,110,0.531,0.81,0.467,25,30,1
48,63,90,0.461,0.824,0.273,26,36,105,0.427,0.762,0.394,26,47,0
41,43,109,0.451,0.7,0.371,25,55,97,0.396,0.667,0.344,30,50,1
49,39,112,0.465,0.792,0.406,21,53,104,0.389,0.95,0.326,27,39,1
50,37,110,0.398,0.789,0.425,22,50,121,0.444,0.842,0.51,31,49,0
56,59,108,0.457,0.667,0.345,27,49,104,0.43,0.684,0.379,31,41,1
44,53,126,0.494,0.69,0.5,28,43,95,0.434,0.818,0.289,18,38,1
57,46,90,0.443,0.75,0.227,16,45,102,0.446,0.643,0.306,18,37,0
39,62,108,0.462,0.769,0.368,20,45,109,0.444,0.9,0.417,24,46,0
37,66,127,0.516,0.778,0.459,29,45,130,0.535,0.75,0.459,21,39,0
61,64,102,0.447,0.75,0.348,22,47,90,0.411,0.759,0.32,20,43,1
45,40,118,0.494,0.793,0.425,24,40,108,0.426,0.72,0.263,19,50,1
52,43,99,0.398,0.81,0.3,23,40,113,0.524,1,0.465,30,42,0
51,41,107,0.414,0.778,0.32,28,55,111,0.477,0.704,0.323,22,47,0
49,48,124,0.449,0.9,0.36,32,57,102,0.405,0.708,0.395,29,39,1
42,63,90,0.337,0.684,0.349,19,42,97,0.487,0.583,0.346,20,52,0
44,59,107,0.444,0.667,0.333,26,45,112,0.477,0.842,0.343,24,45,0
57,38,117,0.472,0.781,0.276,22,32,145,0.563,0.897,0.568,26,46,0
58,46,104,0.419,0.8,0.353,19,51,99,0.382,0.667,0.382,23,47,1
54,48,104,0.438,0.758,0.25,20,39,113,0.531,0.846,0.471,24,38,0
64,39,101,0.463,0.789,0.323,21,33,116,0.472,0.76,0.433,30,54,0
37,55,96,0.408,0.8,0.357,20,47,98,0.469,0.765,0.409,22,40,0
51,50,110,0.474,0.78,0.261,26,41,105,0.387,0.833,0.31,22,44,1
45,53,118,0.478,0.867,0.362,33,35,116,0.488,0.905,0.351,24,45,1
42,40,91,0.405,0.654,0.294,17,42,107,0.411,0.75,0.4,30,55,0
62,38,137,0.556,0.87,0.529,26,44,130,0.516,1,0.359,23,30,1
44,56,118,0.489,0.75,0.487,30,51,96,0.383,0.743,0.364,23,38,1
47,46,115,0.5,0.619,0.364,28,43,119,0.506,0.875,0.457,28,34,0
52,41,115,0.512,0.815,0.346,19,39,119,0.494,0.952,0.379,24,39,0
61,49,97,0.42,0.643,0.35,23,47,93,0.376,0.72,0.355,16,47,1
63,60,152,0.625,0.722,0.528,41,53,79,0.329,0.818,0.289,14,26,1
56,65,114,0.544,0.696,0.571,23,44,103,0.45,0.769,0.407,20,36,1
57,59,83,0.354,0.765,0.353,19,41,114,0.484,0.75,0.389,32,48,0
54,37,111,0.489,0.813,0.303,23,40,114,0.512,0.833,0.485,24,41,0
53,43,108,0.543,0.737,0.222,26,39,103,0.488,0.714,0.294,22,35,1
64,50,115,0.495,0.714,0.313,34,52,107,0.42,0.846,0.297,15,39,1
38,55,88,0.418,0.733,0.393,18,46,87,0.371,0.765,0.258,20,46,1
48,39,85,0.376,0.692,0.324,21,28,111,0.544,0.913,0.516,27,46,0
49,66,127,0.489,0.808,0.389,29,45,125,0.494,0.857,0.412,30,36,1
40,42,107,0.449,0.875,0.351,22,32,139,0.687,0.778,0.529,32,34,0
60,45,110,0.471,0.759,0.25,16,35,114,0.506,0.864,0.405,25,40,0
46,58,115,0.47,0.75,0.29,35,49,124,0.523,0.85,0.395,28,38,0
51,52,112,0.482,0.88,0.286,27,38,110,0.484,0.917,0.344,27,42,1
61,63,91,0.396,0.75,0.256,14,44,98,0.387,0.842,0.294,18,54,0
56,44,104,0.494,0.545,0.4,28,35,96,0.419,0.714,0.35,25,51,1
57,65,110,0.427,0.778,0.333,24,43,92,0.382,0.833,0.257,17,45,1
58,47,92,0.443,0.727,0.207,22,40,117,0.5,0.7,0.393,21,47,0
55,53,101,0.402,0.722,0.303,24,55,96,0.411,0.778,0.242,20,55,1
48,43,111,0.473,0.667,0.341,32,39,120,0.581,0.762,0.514,32,35,0
41,66,133,0.596,0.684,0.467,35,41,119,0.477,0.81,0.462,23,34,1
45,60,102,0.417,0.636,0.326,31,60,89,0.356,0.769,0.163,16,45,1
50,54,100,0.439,0.731,0.257,25,47,98,0.396,0.81,0.243,27,47,1
42,39,96,0.438,0.4,0.308,20,33,114,0.563,0.778,0.526,29,48,0
59,64,116,0.533,0.625,0.444,28,51,99,0.446,0.615,0.29,26,40,1
62,57,129,0.528,0.696,0.413,30,43,107,0.462,0.706,0.355,19,42,1
46,40,104,0.514,0.762,0.389,17,35,123,0.511,0.813,0.4,30,47,0
46,44,90,0.4,0.68,0.321,18,47,105,0.442,0.545,0.425,25,43,0
54,49,100,0.413,0.75,0.267,21,45,118,0.511,0.818,0.229,27,52,0
61,38,97,0.376,0.875,0.31,19,44,109,0.415,0.935,0.353,24,53,0
63,58,128,0.481,0.75,0.333,30,68,101,0.34,0.703,0.214,17,49,1
47,65,110,0.5,0.6,0.281,32,42,106,0.427,0.895,0.394,29,53,1
55,50,120,0.419,0.769,0.353,27,44,121,0.5,0.688,0.389,22,54,0
37,52,90,0.355,0.75,0.243,18,52,99,0.439,0.727,0.379,20,50,0
51,56,107,0.5,0.762,0.304,25,47,113,0.446,0.857,0.342,17,41,0
39,53,105,0.456,0.75,0.359,28,51,92,0.398,0.609,0.25,21,43,1
41,48,104,0.469,0.81,0.282,22,47,107,0.43,0.864,0.35,23,36,0
45,66,146,0.537,0.677,0.469,36,41,143,0.466,0.9,0.4,31,39,1
42,64,114,0.472,0.727,0.368,23,35,120,0.577,0.808,0.375,28,43,0
62,40,127,0.563,0.773,0.571,24,41,105,0.43,0.81,0.229,27,45,1
46,65,107,0.429,0.947,0.289,26,54,96,0.367,0.846,0.242,17,52,1
66,50,133,0.557,0.8,0.575,32,44,115,0.45,0.737,0.314,24,45,1
52,56,97,0.37,0.773,0.308,13,51,118,0.557,0.81,0.464,28,35,0
53,41,88,0.375,0.7,0.219,18,36,123,0.558,0.625,0.5,32,47,0
54,61,114,0.485,0.818,0.282,31,53,97,0.416,0.727,0.233,17,41,1
63,37,100,0.407,0.737,0.316,27,36,132,0.584,0.714,0.481,33,49,0
60,64,99,0.404,0.857,0.333,23,41,101,0.481,1,0.345,17,43,0
59,38,96,0.437,0.737,0.25,21,53,88,0.37,0.667,0.294,20,51,1
43,49,109,0.435,0.857,0.362,24,31,120,0.63,0.6,0.485,24,44,0
62,40,97,0.45,0.667,0.394,17,43,98,0.427,0.846,0.407,27,39,0
44,57,118,0.54,0.75,0.324,31,48,103,0.419,0.783,0.342,23,37,1
47,58,137,0.5,0.714,0.341,32,51,141,0.45,0.655,0.311,32,56,0
39,56,115,0.443,0.68,0.308,22,44,120,0.523,0.786,0.364,26,47,0
54,47,116,0.404,0.792,0.283,25,52,124,0.442,0.862,0.405,20,52,0
53,66,99,0.409,0.8,0.357,23,51,106,0.419,0.762,0.3,26,49,0
38,51,104,0.374,0.893,0.229,25,45,123,0.506,0.767,0.4,29,50,0
45,41,118,0.5,0.773,0.472,27,46,113,0.458,0.833,0.429,26,40,1
63,61,113,0.512,0.769,0.31,25,40,126,0.528,0.857,0.467,25,34,0
49,65,114,0.483,0.882,0.417,23,56,93,0.358,0.737,0.244,16,44,1
50,48,113,0.409,0.905,0.327,24,52,101,0.446,0.69,0.357,25,40,1
40,64,127,0.458,0.844,0.414,33,52,102,0.429,0.639,0.226,23,45,1
60,62,104,0.451,0.682,0.417,21,43,110,0.453,0.85,0.319,19,43,0
59,37,106,0.43,0.8,0.364,27,44,124,0.511,0.917,0.462,26,44,0
44,55,116,0.525,0.708,0.395,32,41,96,0.425,0.909,0.286,17,41,1
58,57,125,0.523,0.676,0.364,21,43,121,0.468,0.84,0.316,27,43,1
65,48,92,0.417,0.857,0.263,22,35,100,0.461,0.724,0.31,22,51,0
52,47,106,0.451,0.81,0.441,23,52,100,0.374,0.7,0.306,23,50,1
57,43,119,0.511,0.7,0.385,25,43,100,0.487,0.818,0.455,26,37,1
46,42,104,0.412,0.828,0.313,17,47,112,0.438,0.815,0.308,22,42,0
39,51,112,0.387,0.897,0.318,24,53,117,0.474,0.889,0.314,32,42,0
64,66,103,0.383,0.815,0.243,23,65,109,0.44,0.583,0.484,21,36,0
37,60,113,0.483,0.938,0.412,25,44,101,0.402,0.929,0.263,24,50,1
38,45,108,0.424,0.947,0.343,19,58,90,0.373,0.708,0.262,19,42,1
41,54,77,0.365,0.6,0.214,13,38,109,0.444,0.889,0.419,27,59,0
49,53,123,0.468,0.708,0.4,28,55,92,0.366,0.722,0.268,16,47,1
40,50,96,0.42,0.889,0.188,24,48,110,0.4,0.714,0.227,21,49,0
59,56,111,0.527,0.5,0.25,23,44,115,0.511,0.813,0.444,25,44,0
62,63,118,0.471,0.76,0.395,26,46,119,0.442,0.815,0.371,24,50,0
58,55,94,0.413,0.724,0.226,17,49,102,0.424,0.778,0.281,19,45,0
46,42,97,0.48,0.722,0.414,18,42,91,0.41,0.944,0.2,21,39,1
65,47,116,0.443,0.762,0.35,27,39,121,0.489,0.778,0.323,29,51,0
41,52,109,0.42,0.889,0.379,21,44,103,0.417,0.839,0.259,16,44,1
56,43,126,0.529,0.885,0.306,34,51,97,0.367,0.714,0.289,20,42,1
44,61,119,0.494,0.792,0.489,31,47,104,0.394,0.55,0.405,25,47,1
52,45,106,0.423,0.846,0.439,25,37,99,0.452,0.591,0.256,21,48,1
54,40,111,0.462,0.722,0.368,28,46,94,0.398,0.947,0.333,17,52,1
64,48,103,0.486,0.87,0.367,22,35,100,0.469,0.85,0.259,21,37,1
37,66,115,0.524,0.81,0.353,24,46,105,0.422,0.6,0.25,26,51,1
38,60,111,0.466,0.857,0.436,28,48,105,0.406,0.563,0.429,23,54,1
49,53,117,0.451,0.649,0.475,25,60,108,0.398,0.786,0.373,26,39,1
50,63,138,0.538,0.714,0.488,28,50,95,0.349,0.8,0.281,21,33,1
57,55,118,0.5,1,0.441,23,38,111,0.506,0.905,0.357,24,32,1
58,62,105,0.451,0.619,0.323,20,35,123,0.505,0.824,0.436,20,52,0
66,54,121,0.543,0.75,0.387,28,45,118,0.466,0.781,0.306,19,38,1
65,44,102,0.4,0.8,0.333,21,35,105,0.475,0.81,0.4,22,48,0
38,47,130,0.5,0.816,0.367,22,51,108,0.464,0.75,0.4,20,33,1
51,53,115,0.451,0.92,0.303,19,43,113,0.449,0.76,0.368,26,45,1
49,60,96,0.373,0.846,0.293,21,53,89,0.352,0.619,0.25,17,53,1
40,46,94,0.437,0.625,0.433,19,55,81,0.378,0.8,0.243,22,43,1
43,41,108,0.476,0.8,0.378,24,38,114,0.441,1,0.258,19,50,0
56,42,112,0.518,0.714,0.483,28,53,104,0.411,0.783,0.3,25,40,1
58,61,89,0.381,0.64,0.243,15,40,108,0.452,0.833,0.387,20,53,0
39,44,89,0.425,0.563,0.308,22,42,104,0.494,0.875,0.349,36,34,0
48,64,112,0.5,0.833,0.385,27,41,97,0.494,0.6,0.417,25,37,1
63,46,120,0.542,0.833,0.423,28,47,108,0.467,1,0.41,24,34,1
50,59,115,0.477,0.8,0.429,30,47,90,0.417,0.737,0.188,26,42,1
43,55,89,0.36,0.813,0.333,22,46,103,0.506,0.5,0.379,22,45,0
62,61,119,0.55,0.923,0.413,34,46,103,0.415,0.882,0.263,24,35,1
66,64,97,0.438,0.5,0.313,30,59,87,0.367,0.813,0.19,23,48,1
65,54,97,0.425,0.75,0.286,16,42,89,0.418,0.737,0.243,14,43,1
37,38,110,0.506,0.833,0.351,28,40,99,0.44,0.824,0.268,24,42,1
51,39,109,0.458,0.84,0.375,29,47,99,0.393,0.857,0.25,20,50,1
48,40,113,0.483,0.824,0.375,29,39,98,0.44,0.786,0.286,18,38,1
52,53,98,0.42,0.667,0.327,25,45,104,0.406,0.833,0.289,20,51,0
49,47,109,0.46,0.708,0.324,22,52,102,0.417,0.833,0.279,24,48,1
50,58,107,0.5,0.833,0.278,20,35,97,0.366,0.76,0.263,19,47,1
60,45,101,0.446,0.563,0.256,18,56,89,0.356,0.684,0.286,16,46,1
56,42,105,0.441,0.714,0.333,27,49,98,0.413,1,0.5,28,50,1
57,41,112,0.44,0.964,0.355,26,44,107,0.47,0.8,0.448,23,36,1
51,44,99,0.386,0.778,0.278,21,38,117,0.519,0.786,0.325,25,53,0
62,55,120,0.517,0.632,0.421,27,56,85,0.367,0.765,0.207,19,42,1
46,59,106,0.435,0.909,0.316,16,52,92,0.432,0.714,0.227,26,41,1
39,38,92,0.386,0.75,0.4,18,42,98,0.462,0.8,0.345,23,46,0
65,58,107,0.406,0.941,0.277,23,47,129,0.531,0.818,0.485,32,47,0
64,40,105,0.464,0.68,0.357,23,42,100,0.405,0.853,0.524,20,45,1
37,53,129,0.553,0.656,0.467,32,46,111,0.453,0.643,0.372,30,41,1
52,54,92,0.43,0.7,0.324,22,46,84,0.372,0.75,0.216,16,44,1
42,43,111,0.5,0.7,0.389,30,44,101,0.476,0.706,0.281,20,46,1
63,45,136,0.542,0.8,0.39,33,49,102,0.379,0.731,0.289,24,46,1
50,56,96,0.365,0.778,0.295,18,54,99,0.376,0.778,0.226,21,52,0
60,48,90,0.41,0.7,0.366,26,42,103,0.451,0.846,0.45,22,45,0
57,61,118,0.561,0.714,0.444,25,39,113,0.461,0.889,0.455,20,39,1
47,41,103,0.456,0.806,0.188,19,43,121,0.551,0.727,0.441,31,36,0
47,59,114,0.518,0.765,0.484,28,46,106,0.444,0.667,0.444,28,43,1
37,49,120,0.485,0.846,0.429,21,51,100,0.452,0.625,0.341,24,30,1
66,44,106,0.477,0.667,0.389,23,39,102,0.422,0.68,0.231,31,49,1
45,56,89,0.412,0.667,0.219,19,48,115,0.433,0.85,0.35,19,52,0
60,51,96,0.4,0.909,0.311,20,44,120,0.5,0.952,0.419,31,44,0
43,57,124,0.522,0.786,0.475,29,49,95,0.438,0.923,0.333,22,36,1
46,41,90,0.358,1,0.324,16,44,100,0.442,0.929,0.379,19,45,0
62,48,105,0.412,0.72,0.321,23,38,111,0.494,0.875,0.394,23,48,0
54,55,118,0.573,0.667,0.5,33,37,113,0.427,0.862,0.522,16,46,1
53,64,92,0.337,0.85,0.325,21,44,104,0.5,0.8,0.343,29,48,0
40,63,112,0.481,0.88,0.483,29,37,101,0.432,0.81,0.333,21,39,1
61,65,121,0.506,0.645,0.382,21,39,127,0.544,0.867,0.429,34,34,0
39,38,91,0.383,0.864,0.263,17,39,89,0.423,0.944,0.261,20,47,1
46,50,129,0.535,0.778,0.4,35,57,102,0.392,0.688,0.306,25,41,1
66,52,104,0.433,0.667,0.278,25,49,96,0.387,0.611,0.371,17,51,1
38,49,122,0.49,0.889,0.293,22,53,113,0.449,0.818,0.34,23,39,1
39,65,98,0.476,0.667,0.341,27,40,78,0.367,0.846,0.3,18,43,1
45,57,92,0.4,0.63,0.219,13,49,104,0.391,0.806,0.306,21,52,0
63,56,94,0.378,0.565,0.212,19,59,119,0.489,1,0.486,28,46,0
40,51,112,0.489,0.813,0.406,26,43,120,0.5,0.741,0.529,27,34,0
60,58,105,0.424,0.733,0.333,13,52,103,0.4,0.765,0.341,20,49,1
59,42,109,0.488,0.7,0.433,30,41,123,0.46,0.684,0.4,30,48,0
43,37,105,0.444,0.75,0.286,26,49,96,0.409,0.714,0.179,20,50,1
44,41,119,0.484,0.875,0.326,27,47,93,0.436,0.773,0.296,18,38,1
47,50,83,0.354,0.8,0.22,17,44,107,0.457,0.75,0.324,24,54,0
55,61,109,0.455,0.947,0.324,29,39,115,0.438,1,0.424,25,47,0
62,54,100,0.47,0.565,0.281,22,37,111,0.448,0.737,0.355,19,53,0
46,48,112,0.473,0.882,0.297,20,42,109,0.443,0.824,0.22,18,50,1
39,64,94,0.461,0.714,0.29,21,40,97,0.417,1,0.357,25,49,0
53,51,90,0.38,0.667,0.121,19,49,123,0.505,0.882,0.432,29,49,0
38,61,104,0.447,0.667,0.345,21,44,88,0.429,0.842,0.24,20,41,1
52,49,100,0.434,0.706,0.432,19,38,112,0.444,0.667,0.52,29,50,0
45,65,104,0.427,0.647,0.353,17,42,112,0.433,0.667,0.333,23,49,0
41,42,117,0.506,0.857,0.484,26,46,107,0.458,0.792,0.364,23,43,1
63,66,108,0.421,0.6,0.237,27,57,118,0.456,0.875,0.417,32,49,0
40,60,100,0.351,0.719,0.257,24,50,108,0.425,0.8,0.294,23,56,0
59,58,136,0.533,0.645,0.563,34,43,117,0.516,0.813,0.278,20,44,1
43,54,101,0.429,0.85,0.4,19,39,98,0.476,0.636,0.355,22,48,1
56,57,119,0.521,0.833,0.393,27,39,109,0.484,0.875,0.233,24,46,1
44,50,123,0.471,0.8,0.275,23,53,110,0.411,0.75,0.386,30,40,1
47,48,120,0.5,0.625,0.474,26,50,117,0.417,0.771,0.27,26,47,1
55,49,109,0.408,0.917,0.326,21,46,118,0.463,0.714,0.385,21,52,0
62,37,110,0.506,0.813,0.395,21,44,98,0.435,0.6,0.514,22,32,1
46,57,117,0.518,0.684,0.533,25,43,109,0.473,0.75,0.378,29,43,1
55,52,96,0.385,0.813,0.325,20,47,103,0.44,0.769,0.325,25,55,0
41,51,118,0.469,0.85,0.29,21,56,95,0.395,0.842,0.333,19,42,1
63,50,125,0.5,0.846,0.393,28,51,118,0.423,0.826,0.378,23,45,1
42,40,108,0.506,0.615,0.4,27,46,92,0.425,0.818,0.265,27,39,1
43,48,113,0.462,0.708,0.293,28,49,96,0.397,0.84,0.361,22,37,1
44,37,127,0.478,0.955,0.409,31,39,113,0.463,0.769,0.395,21,35,1
58,56,104,0.451,0.769,0.417,18,46,109,0.473,0.818,0.4,28,38,0
47,66,126,0.484,0.714,0.406,30,51,123,0.434,0.821,0.333,23,55,1
61,51,103,0.471,0.778,0.233,23,35,116,0.513,0.85,0.447,29,48,0
52,39,109,0.459,0.917,0.29,21,32,126,0.544,0.818,0.543,31,48,0
53,62,107,0.494,0.818,0.375,24,39,100,0.382,0.828,0.19,21,50,1
64,49,101,0.506,0.615,0.407,24,42,94,0.394,0.556,0.278,17,49,1
58,54,91,0.369,0.864,0.294,20,33,94,0.446,0.778,0.24,13,54,0
60,59,99,0.372,0.85,0.286,21,57,94,0.41,0.667,0.2,29,46,1
44,45,120,0.518,0.85,0.326,31,41,107,0.456,0.676,0.303,17,42,1
46,66,120,0.477,0.952,0.375,24,50,106,0.406,0.778,0.303,20,44,1
43,45,95,0.404,0.824,0.225,19,45,94,0.467,0.667,0.286,19,47,1
48,62,118,0.603,0.765,0.524,30,36,115,0.518,0.737,0.333,26,31,1
41,55,105,0.402,0.8,0.241,20,46,114,0.531,0.789,0.5,22,41,0
42,38,107,0.526,0.857,0.333,19,40,104,0.488,0.688,0.29,20,36,1
56,37,121,0.511,0.81,0.326,26,42,117,0.433,0.87,0.394,18,50,1
57,47,105,0.379,0.75,0.273,22,52,90,0.344,0.792,0.281,20,59,1
65,51,90,0.379,0.722,0.324,17,44,96,0.45,0.929,0.407,25,45,0
53,59,89,0.393,0.7,0.293,23,43,102,0.444,0.889,0.316,23,48,0
64,63,115,0.583,0.538,0.4,34,53,87,0.354,0.765,0.194,19,39,1
61,39,101,0.424,0.556,0.444,20,45,102,0.458,0.842,0.333,22,39,0
49,52,98,0.402,0.762,0.372,19,37,113,0.427,0.808,0.25,16,59,0
50,46,84,0.348,0.714,0.327,17,42,104,0.409,0.813,0.214,18,62,0
44,40,126,0.516,0.857,0.4,36,49,85,0.352,0.75,0.25,23,42,1
57,54,110,0.488,0.867,0.436,27,42,106,0.489,0.6,0.333,28,40,1
58,66,140,0.552,0.846,0.5,29,56,110,0.467,0.619,0.314,29,28,1
65,55,98,0.402,0.895,0.306,21,41,109,0.494,0.682,0.375,22,49,0
37,62,98,0.427,0.808,0.25,18,32,116,0.506,0.739,0.415,30,46,0
48,38,78,0.346,0.684,0.22,18,45,95,0.397,0.85,0.39,16,46,0
56,45,123,0.473,0.913,0.452,29,46,111,0.432,0.857,0.344,25,43,1
47,60,104,0.415,0.824,0.364,22,49,107,0.425,0.692,0.366,23,50,0
39,57,107,0.527,0.778,0.5,29,43,104,0.444,0.647,0.351,24,39,1
54,52,111,0.462,0.786,0.39,26,49,98,0.414,0.778,0.208,23,46,1
53,38,79,0.321,0.8,0.209,15,46,92,0.418,0.64,0.27,24,50,0
55,41,103,0.494,0.714,0.429,24,35,98,0.463,0.889,0.286,19,47,1
64,61,100,0.436,0.8,0.25,19,44,109,0.466,0.85,0.4,17,42,0
51,37,117,0.489,0.75,0.458,34,42,108,0.436,0.867,0.371,23,52,1
63,43,108,0.519,0.571,0.471,28,36,106,0.473,0.923,0.296,24,44,1
50,46,115,0.457,0.938,0.35,27,39,126,0.603,0.917,0.583,33,35,0
59,42,108,0.489,0.75,0.333,25,40,109,0.43,0.724,0.235,21,56,0
44,66,114,0.488,0.667,0.4,33,53,92,0.374,0.737,0.278,18,49,1
58,40,112,0.525,0.818,0.333,27,37,99,0.43,0.867,0.353,24,40,1
65,49,89,0.323,0.7,0.17,21,43,117,0.5,0.762,0.459,28,52,0
42,48,110,0.44,0.71,0.333,17,41,125,0.518,0.867,0.52,25,45,0
62,58,119,0.439,0.704,0.292,16,59,113,0.452,0.708,0.387,24,38,1
56,40,112,0.524,0.944,0.346,32,42,100,0.396,0.938,0.333,21,43,1
47,45,119,0.527,0.75,0.24,26,43,117,0.527,0.417,0.381,27,38,1
66,39,110,0.416,0.733,0.385,27,46,113,0.433,0.684,0.321,21,49,0
54,59,131,0.571,0.75,0.474,37,39,118,0.528,0.714,0.5,34,36,1
55,57,113,0.518,0.875,0.361,34,34,103,0.476,0.611,0.353,21,45,1
37,64,118,0.458,1,0.382,24,47,111,0.477,1,0.333,27,36,1
38,41,114,0.438,0.75,0.455,20,38,128,0.57,0.944,0.419,30,50,0
52,61,104,0.461,0.75,0.421,20,41,113,0.434,0.929,0.333,24,48,0
63,43,106,0.454,0.714,0.382,20,55,97,0.443,0.667,0.237,27,40,1
50,53,97,0.371,0.579,0.275,21,47,115,0.451,0.8,0.395,21,51,0
46,60,99,0.38,0.737,0.357,18,51,94,0.389,0.813,0.297,17,51,1
42,58,105,0.444,0.65,0.324,24,45,99,0.396,0.8,0.194,20,56,1
66,57,125,0.517,0.619,0.476,36,44,113,0.443,0.909,0.315,30,47,1
49,62,95,0.406,0.833,0.293,16,44,107,0.467,0.926,0.324,13,44,0
51,65,117,0.653,0.625,0.52,30,41,91,0.405,0.682,0.364,21,29,1
47,45,95,0.406,0.615,0.29,22,43,85,0.421,0.517,0.214,18,55,1
64,38,115,0.365,0.806,0.278,19,62,112,0.411,0.88,0.077,23,54,1
65,53,110,0.404,0.8,0.326,26,48,103,0.437,0.733,0.5,21,46,1
40,52,117,0.457,0.917,0.333,30,43,123,0.519,0.8,0.576,22,37,0
54,61,94,0.432,0.688,0.302,25,40,97,0.424,0.667,0.344,18,48,0
55,37,122,0.535,0.947,0.316,24,37,94,0.379,0.737,0.364,24,49,1
41,62,107,0.429,0.8,0.238,16,45,99,0.38,0.947,0.289,15,54,1
63,48,103,0.386,0.905,0.32,26,32,129,0.523,0.842,0.568,31,50,0
49,59,93,0.404,0.688,0.256,20,52,102,0.411,0.708,0.226,28,49,0
44,60,103,0.424,0.5,0.389,30,56,82,0.349,0.762,0.205,14,45,1
50,43,91,0.393,0.889,0.317,21,46,93,0.409,0.75,0.243,24,48,0
56,39,101,0.464,0.63,0.231,27,52,92,0.396,0.857,0.318,21,47,1
61,53,110,0.5,0.682,0.3,18,40,109,0.471,0.688,0.471,24,46,1
51,54,105,0.447,0.756,0.231,20,50,98,0.398,0.696,0.276,20,46,1
48,66,114,0.473,1,0.257,23,60,99,0.389,0.727,0.351,21,37,1
40,58,109,0.429,0.64,0.265,18,49,113,0.5,0.96,0.333,19,45,0
43,42,106,0.518,0.692,0.306,28,51,75,0.295,0.778,0.216,14,36,1
57,46,111,0.418,0.625,0.463,21,63,92,0.391,0.563,0.357,17,43,1
47,39,113,0.548,0.9,0.444,24,42,101,0.425,0.682,0.353,28,36,1
55,65,110,0.5,0.917,0.444,22,46,102,0.407,0.704,0.333,22,37,1
64,37,122,0.465,0.81,0.382,26,51,111,0.545,0.643,0.286,26,43,1
41,52,103,0.429,0.909,0.344,25,37,104,0.459,0.75,0.379,16,49,0
45,62,91,0.326,0.87,0.205,15,41,122,0.482,0.8,0.348,24,58,0
42,59,104,0.461,0.308,0.4,18,45,99,0.443,0.6,0.4,21,48,1
44,63,101,0.433,0.75,0.35,29,48,104,0.402,1,0.25,25,51,0
53,66,111,0.489,0.769,0.375,22,33,120,0.518,0.833,0.467,22,40,0
38,64,107,0.435,0.821,0.345,18,37,116,0.512,0.724,0.36,18,47,0
51,48,93,0.388,0.929,0.326,21,42,106,0.396,0.846,0.276,21,62,0
61,54,118,0.46,0.632,0.467,22,41,100,0.481,0.824,0.345,19,40,1
40,37,99,0.43,0.889,0.306,24,44,102,0.417,0.824,0.267,21,55,0
49,50,108,0.411,0.762,0.275,22,43,113,0.473,0.824,0.289,29,49,0
60,47,123,0.5,0.759,0.405,21,42,115,0.5,0.857,0.314,29,40,1
56,58,107,0.452,0.708,0.273,23,56,110,0.442,0.733,0.395,28,40,0
57,63,116,0.464,0.742,0.417,22,48,96,0.365,0.474,0.34,27,50,1
46,39,79,0.356,0.615,0.22,19,36,92,0.407,0.852,0.15,12,57,0
52,55,112,0.471,0.933,0.432,24,45,99,0.439,0.882,0.293,24,40,1
60,44,98,0.419,0.824,0.353,19,42,106,0.47,0.778,0.35,30,46,0
42,45,116,0.462,0.72,0.279,25,50,106,0.419,0.692,0.41,24,49,1
59,47,121,0.444,0.545,0.361,33,59,125,0.476,0.773,0.267,20,56,0
62,43,122,0.518,0.759,0.308,20,41,110,0.506,0.667,0.357,19,35,1
66,38,129,0.447,0.643,0.432,26,52,140,0.495,0.84,0.38,33,53,0
54,49,109,0.444,0.882,0.389,23,47,119,0.482,0.839,0.344,24,42,0
37,65,122,0.511,0.857,0.375,24,49,104,0.44,0.833,0.273,26,36,1
51,64,104,0.426,0.824,0.286,23,54,90,0.347,0.75,0.231,16,53,1
48,53,107,0.471,1,0.222,28,42,90,0.407,0.632,0.273,21,39,1
61,41,108,0.482,0.8,0.4,27,47,111,0.481,0.955,0.444,24,29,0
50,40,98,0.344,0.778,0.3,20,41,107,0.448,0.826,0.333,19,60,0
43,39,87,0.407,0.667,0.237,21,47,99,0.463,0.8,0.28,26,49,0
46,57,116,0.473,0.737,0.326,37,43,86,0.376,0.778,0.216,15,47,1
51,66,95,0.437,0.833,0.257,18,44,111,0.457,0.789,0.333,26,48,0
52,53,104,0.37,0.68,0.271,20,52,110,0.409,0.765,0.279,22,57,0
45,38,97,0.427,0.792,0.438,20,40,107,0.442,0.8,0.319,22,43,0
60,55,103,0.476,0.789,0.258,24,42,115,0.466,0.8,0.415,25,47,0
58,44,107,0.488,0.615,0.326,26,47,119,0.443,0.833,0.351,26,43,0
47,63,121,0.536,0.682,0.533,29,36,118,0.45,0.833,0.371,25,49,1
39,37,101,0.416,0.741,0.25,23,54,95,0.384,0.6,0.294,20,54,1
54,48,102,0.392,0.762,0.256,18,55,91,0.385,0.857,0.273,18,55,1
61,42,95,0.4,0.696,0.297,17,49,103,0.418,0.722,0.333,24,50,0
41,65,97,0.417,0.842,0.423,24,42,82,0.386,0.6,0.179,14,53,1
50,40,96,0.406,0.6,0.316,22,47,89,0.348,0.783,0.225,15,61,1
59,49,111,0.485,0.833,0.256,29,38,121,0.53,0.818,0.429,21,44,0
57,56,134,0.543,0.647,0.42,24,48,105,0.483,0.667,0.321,27,38,1
46,63,114,0.434,0.882,0.333,23,44,120,0.467,0.84,0.417,26,48,0
39,66,112,0.512,0.85,0.29,26,36,123,0.527,0.824,0.406,32,46,0
53,52,96,0.398,0.867,0.395,24,46,121,0.5,0.529,0.444,34,38,0
64,54,135,0.521,0.947,0.5,24,38,134,0.536,0.75,0.441,28,42,1
38,61,83,0.39,0.727,0.324,19,42,115,0.42,1,0.286,22,60,0
55,51,109,0.473,0.818,0.389,17,35,114,0.466,0.833,0.316,26,47,0
41,40,128,0.528,0.8,0.5,32,46,112,0.483,0.813,0.517,26,42,1
45,60,124,0.505,0.786,0.447,29,54,91,0.374,0.563,0.326,22,39,1
43,59,102,0.512,0.625,0.3,26,41,96,0.476,0.714,0.25,24,39,1
47,56,105,0.395,0.759,0.441,25,46,115,0.488,0.75,0.313,31,47,0
58,62,101,0.394,0.714,0.222,20,52,110,0.411,0.87,0.381,16,51,0
37,42,113,0.479,0.889,0.429,31,55,87,0.333,0.923,0.302,16,50,1
48,49,137,0.531,0.645,0.429,28,58,95,0.381,0.655,0.286,19,38,1
44,46,115,0.518,0.636,0.484,27,53,113,0.438,0.714,0.35,24,39,1
66,54,123,0.43,0.667,0.419,29,46,122,0.467,0.875,0.362,29,51,1
65,41,88,0.4,0.769,0.214,17,47,94,0.43,0.867,0.304,18,48,0
52,38,138,0.486,0.704,0.378,27,55,134,0.41,0.739,0.368,34,56,1
61,64,83,0.309,0.727,0.206,14,54,98,0.444,0.808,0.185,20,51,0
63,39,132,0.53,1,0.424,28,53,121,0.505,0.722,0.368,38,36,1
50,45,124,0.483,0.774,0.421,26,46,106,0.455,0.682,0.333,21,41,1
40,55,97,0.419,0.667,0.433,28,44,117,0.518,0.8,0.52,24,47,0
59,53,123,0.5,0.667,0.433,32,43,97,0.407,0.783,0.31,17,44,1
62,60,107,0.44,0.867,0.298,18,53,86,0.374,0.611,0.2,19,50,1
56,43,98,0.414,0.706,0.378,23,45,110,0.53,0.556,0.436,25,46,0
57,58,121,0.484,0.864,0.343,25,49,124,0.457,0.793,0.415,24,43,0
49,51,127,0.457,0.778,0.378,25,54,104,0.44,0.565,0.531,19,44,1
47,44,114,0.474,0.474,0.357,21,45,121,0.441,0.833,0.359,30,50,0
48,38,121,0.461,0.931,0.4,19,47,100,0.444,0.8,0.293,20,36,1
65,55,112,0.487,0.829,0.333,24,47,108,0.453,0.75,0.429,20,38,1
54,39,94,0.41,0.632,0.318,26,38,110,0.525,0.565,0.406,24,50,0
52,64,115,0.412,0.842,0.357,24,48,113,0.494,0.655,0.4,25,47,1
41,63,118,0.462,0.875,0.407,26,43,105,0.46,0.632,0.351,25,45,1
49,42,103,0.448,0.778,0.275,21,44,114,0.449,0.857,0.359,30,55,0
59,45,126,0.469,0.724,0.385,30,53,98,0.34,0.684,0.182,15,59,1
44,57,119,0.446,0.722,0.348,31,57,97,0.402,0.867,0.25,21,42,1
37,48,127,0.485,0.769,0.413,33,51,92,0.385,0.75,0.342,23,51,1
51,50,107,0.463,0.842,0.417,24,46,101,0.413,1,0.25,23,43,1
60,43,107,0.427,0.667,0.319,29,52,113,0.437,0.842,0.438,18,43,0
58,47,116,0.398,0.808,0.362,22,49,112,0.468,0.625,0.31,25,56,1
56,57,119,0.495,0.867,0.39,30,55,74,0.298,0.72,0.154,12,45,1
66,42,59,0.274,0.476,0.158,10,43,127,0.511,0.75,0.391,29,59,0
54,63,109,0.442,0.741,0.2,23,44,107,0.433,1,0.364,21,46,1
53,38,103,0.464,0.889,0.29,18,47,102,0.429,0.786,0.333,23,45,1
52,65,108,0.451,0.813,0.394,28,47,100,0.404,0.739,0.297,24,48,1
60,43,108,0.488,0.68,0.382,19,49,99,0.4,0.762,0.25,23,42,1
62,49,124,0.489,0.783,0.435,24,48,120,0.466,0.8,0.41,22,43,1
64,61,108,0.432,0.75,0.395,27,52,113,0.411,0.741,0.429,26,56,0
47,44,99,0.414,0.773,0.323,22,52,111,0.424,0.727,0.224,29,51,0
61,45,107,0.456,0.625,0.357,22,43,92,0.436,0.652,0.3,23,46,1
48,66,104,0.419,0.667,0.333,23,46,103,0.465,0.846,0.324,25,48,1
55,51,115,0.494,0.56,0.361,25,41,104,0.506,0.846,0.417,18,38,1
63,65,127,0.464,0.88,0.375,26,54,92,0.42,0.773,0.25,17,37,1
62,40,127,0.511,0.882,0.381,30,48,96,0.437,0.667,0.345,21,35,1
57,58,93,0.479,0.792,0.207,17,45,107,0.438,0.8,0.378,25,31,0
46,50,100,0.418,0.875,0.263,26,44,128,0.516,0.783,0.4,32,50,0
53,59,100,0.463,0.75,0.444,23,38,101,0.452,0.625,0.343,26,42,0
39,41,101,0.477,0.476,0.292,32,42,102,0.418,0.864,0.25,18,52,0
49,60,130,0.543,0.615,0.541,32,55,110,0.418,0.692,0.352,25,35,1
47,56,94,0.376,0.682,0.357,23,36,123,0.522,0.909,0.31,26,56,0
38,61,113,0.469,0.857,0.475,29,49,111,0.406,0.722,0.348,25,45,1
64,52,99,0.382,0.788,0.161,17,43,117,0.452,0.773,0.462,27,49,0
63,37,87,0.356,1,0.222,22,55,91,0.388,0.813,0.4,22,52,0
39,54,100,0.424,0.737,0.412,20,30,109,0.506,0.636,0.308,25,50,0
51,49,119,0.506,0.727,0.385,27,37,115,0.494,0.69,0.484,16,49,1
41,40,121,0.49,0.789,0.343,32,58,85,0.333,0.789,0.205,18,45,1
42,46,122,0.469,0.694,0.212,35,60,114,0.435,0.778,0.394,31,39,1
59,48,105,0.455,0.684,0.333,28,39,109,0.457,0.75,0.333,20,53,0
43,50,112,0.413,0.714,0.362,35,51,114,0.434,0.783,0.25,23,46,0
44,47,121,0.454,0.722,0.357,30,42,114,0.429,0.719,0.361,22,56,1
66,63,98,0.364,0.842,0.244,25,36,128,0.5,0.667,0.35,26,68,0
55,61,125,0.54,0.765,0.486,28,37,113,0.483,0.857,0.297,21,33,1
45,48,106,0.409,0.697,0.297,22,49,113,0.482,0.679,0.3,28,47,0
56,47,117,0.444,0.947,0.393,31,52,105,0.464,0.789,0.353,24,40,1
65,59,115,0.511,0.846,0.353,25,41,105,0.419,0.625,0.343,22,57,1
37,39,96,0.396,0.765,0.407,27,45,99,0.442,0.733,0.3,23,44,0
40,53,104,0.385,0.706,0.514,28,53,86,0.36,0.929,0.324,19,47,1
42,62,111,0.473,0.7,0.367,25,54,101,0.415,0.636,0.308,26,40,1
44,43,118,0.476,0.792,0.457,27,42,116,0.484,0.867,0.385,28,43,1
46,58,98,0.38,0.76,0.257,19,56,113,0.449,0.647,0.326,24,50,0
52,54,125,0.465,0.917,0.297,26,49,104,0.413,0.813,0.341,26,54,1
41,39,131,0.468,0.722,0.432,36,57,95,0.357,0.714,0.303,21,51,1
45,64,125,0.512,0.595,0.395,24,48,119,0.438,0.778,0.31,19,45,1
63,49,87,0.467,0.8,0.31,22,42,77,0.419,0.75,0.281,21,35,1
61,55,123,0.5,0.667,0.441,33,57,107,0.417,0.731,0.235,19,40,1
38,53,98,0.352,0.87,0.35,19,51,97,0.404,0.571,0.405,25,50,1
48,37,125,0.524,0.75,0.512,28,44,99,0.4,0.917,0.237,19,33,1
50,40,117,0.457,0.773,0.326,30,49,114,0.414,0.769,0.324,21,53,1
60,66,97,0.384,0.696,0.319,21,43,113,0.494,0.667,0.273,25,54,0
59,62,111,0.465,0.76,0.353,22,60,85,0.317,0.6,0.233,14,47,1
57,44,107,0.446,0.773,0.421,21,53,121,0.42,0.765,0.348,32,47,0
58,56,117,0.473,0.684,0.34,22,51,106,0.467,0.846,0.314,24,38,1
46,43,103,0.432,0.76,0.333,26,52,102,0.43,0.621,0.27,20,45,1
47,51,97,0.364,0.688,0.314,17,41,123,0.483,0.725,0.417,20,54,0
